Type,Trade Date,Settle Date,Symbol,Description,Trade Action,Qty,Price,Net Amount
MONEY_MOVEMENTS,06/09/2016,06/09/2016,,ACH DEPOSIT --- SEN(2016090404126),,,0,1000
MONEY_MOVEMENTS,07/09/2016,07/09/2016,ISPAZ,THE INSURED DEPOSIT PROGRAM,,,0,-1000
MONEY_MOVEMENTS,07/09/2016,07/09/2016,ISPAZ,THE INSURED DEPOSIT PROGRAM,,,0,1000
MONEY_MOVEMENTS,07/09/2016,07/09/2016,,TFR MARGIN TO CASH,,,0,1000
MONEY_MOVEMENTS,07/09/2016,07/09/2016,,TFR MARGIN TO CASH,,,0,-1000
TRADES,08/09/2016,13/09/2016,TSLA,TESLA MOTORS INC --- UNSOLICITED,BUY,4,199.89,-799.56
TRADES,08/09/2016,13/09/2016,SHOP,***SHOPIFY INC --- CL A --- UNSOLICITED,BUY,3,42.7,-128.1
MONEY_MOVEMENTS,09/09/2016,09/09/2016,ISPAZ,THE INSURED DEPOSIT PROGRAM,,,0,238.36
MONEY_MOVEMENTS,09/09/2016,09/09/2016,ISPAZ,THE INSURED DEPOSIT PROGRAM,,,0,-238.36
MONEY_MOVEMENTS,09/09/2016,09/09/2016,,TFR CASH TO MARGIN,,,0,-238.36
MONEY_MOVEMENTS,09/09/2016,09/09/2016,,TFR CASH TO MARGIN,,,0,238.36
MONEY_MOVEMENTS,12/09/2016,12/09/2016,ISPAZ,THE INSURED DEPOSIT PROGRAM,,,0,13.55
MONEY_MOVEMENTS,12/09/2016,12/09/2016,ISPAZ,THE INSURED DEPOSIT PROGRAM,,,0,-13.55
MONEY_MOVEMENTS,12/09/2016,12/09/2016,,TFR CASH TO MARGIN,,,0,-13.55
MONEY_MOVEMENTS,12/09/2016,12/09/2016,,TFR CASH TO MARGIN,,,0,13.55
MONEY_MOVEMENTS,13/09/2016,13/09/2016,ISPAZ,THE INSURED DEPOSIT PROGRAM,,,0,675.75
MONEY_MOVEMENTS,13/09/2016,13/09/2016,ISPAZ,THE INSURED DEPOSIT PROGRAM,,,0,-675.75
MONEY_MOVEMENTS,13/09/2016,13/09/2016,,TFR CASH TO MARGIN,,,0,-675.75
MONEY_MOVEMENTS,13/09/2016,13/09/2016,,TFR CASH TO MARGIN,,,0,675.75
TRADES,13/09/2016,16/09/2016,GM,GENERAL MOTORS COMPANY --- UNSOLICITED,BUY,2,31.02,-62.04
MONEY_MOVEMENTS,16/09/2016,16/09/2016,ISPAZ,THE INSURED DEPOSIT PROGRAM,,,0,62.04
MONEY_MOVEMENTS,16/09/2016,16/09/2016,ISPAZ,THE INSURED DEPOSIT PROGRAM,,,0,-62.04
MONEY_MOVEMENTS,16/09/2016,16/09/2016,,TFR CASH TO MARGIN,,,0,-62.04
MONEY_MOVEMENTS,16/09/2016,16/09/2016,,TFR CASH TO MARGIN,,,0,62.04
TRADES,19/09/2016,22/09/2016,SWN,SOUTHWESTERN ENERGY CO --- UNSOLICITED,BUY,10,13.8899,-138.9
TRADES,19/09/2016,22/09/2016,SHOP,***SHOPIFY INC --- CL A --- UNSOLICITED,SELL,-3,43.7,131.08
TRADES,21/09/2016,26/09/2016,TSLA,TESLA MOTORS INC --- UNSOLICITED,SELL,-4,206.37,825.45
TRADES,21/09/2016,26/09/2016,SIRI,SIRIUS XM HOLDINGS INC --- COM --- UNSOLICITED,BUY,35,4.16,-145.6
TRADES,21/09/2016,26/09/2016,CHK,CHESAPEAKE ENERGY CORP --- UNSOLICITED,BUY,100,6.7499,-674.99
MONEY_MOVEMENTS,22/09/2016,22/09/2016,ISPAZ,THE INSURED DEPOSIT PROGRAM,,,0,-7.82
MONEY_MOVEMENTS,22/09/2016,22/09/2016,,TFR CASH TO MARGIN,,,0,-7.82
MONEY_MOVEMENTS,22/09/2016,22/09/2016,,TFR CASH TO MARGIN,,,0,7.82
TRADES,22/09/2016,27/09/2016,SIRI,SIRIUS XM HOLDINGS INC --- COM --- UNSOLICITED,SELL,-35,4.21,147.33
TRADES,22/09/2016,27/09/2016,NFLX,NETFLIX COM INC --- UNSOLICITED,BUY,1,94.59,-94.59
MONEY_MOVEMENTS,22/09/2016,22/09/2016,ISPAZ,MM Liquidation,,,0,7.82
TRADES,22/09/2016,27/09/2016,FTR,FRONTIER COMMUNICATIONS CORP --- UNSOLICITED,SELL,-10,4.22,42.18
TRADES,22/09/2016,27/09/2016,FTR,FRONTIER COMMUNICATIONS CORP --- UNSOLICITED,BUY,10,4.16,-41.6
TRADES,23/09/2016,28/09/2016,TWTR,TWITTER INC --- UNSOLICITED,BUY,2,22.57,-45.14
TRADES,27/09/2016,30/09/2016,NFLX,NETFLIX COM INC --- UNSOLICITED,SELL,-1,97,96.98
MONEY_MOVEMENTS,28/09/2016,28/09/2016,,TRNSFR FROM CASH TO MARGIN,,,0,-2.48
MONEY_MOVEMENTS,28/09/2016,28/09/2016,,TRNSFR FROM CASH TO MARGIN,,,0,2.48
MONEY_MOVEMENTS,28/09/2016,28/09/2016,ISPAZ,THE INSURED DEPOSIT PROGRAM --- FUNDS REDEEMED,,,0,2.48
MONEY_MOVEMENTS,28/09/2016,28/09/2016,ISPAZ,THE INSURED DEPOSIT PROGRAM,,,0,-2.48
MONEY_MOVEMENTS,30/09/2016,30/09/2016,ISPAZ,THE INSURED DEPOSIT PROGRAM,,,0,-112.5
MONEY_MOVEMENTS,30/09/2016,30/09/2016,ISPAZ,THE INSURED DEPOSIT PROGRAM,,,0,112.5
MONEY_MOVEMENTS,30/09/2016,30/09/2016,,TFR MARGIN TO CASH,,,0,112.5
MONEY_MOVEMENTS,30/09/2016,30/09/2016,,TFR MARGIN TO CASH,,,0,-112.5
TRADES,03/10/2016,06/10/2016,TWTR,TWITTER INC --- UNSOLICITED,SELL,-2,23.63,47.24
TRADES,03/10/2016,06/10/2016,SPYG,SPDR SER TR --- S&P 500 GROWTH ETF --- UNSOLICITED --- PRODUCT DESCRIPTION UNDER --- SEPARATE COVER,BUY,2,105.0699,-210.14
TRADES,03/10/2016,06/10/2016,GM,GENERAL MOTORS COMPANY --- UNSOLICITED,SELL,-2,32.21,64.4
TRADES,04/10/2016,07/10/2016,SPYG,SPDR SER TR --- S&P 500 GROWTH ETF --- UNSOLICITED --- PRODUCT DESCRIPTION UNDER --- SEPARATE COVER,SELL,-1,105.255,105.24
TRADES,04/10/2016,07/10/2016,SWN,SOUTHWESTERN ENERGY CO --- UNSOLICITED,BUY,18,13.79,-248.22
TRADES,04/10/2016,07/10/2016,SWN,SOUTHWESTERN ENERGY CO --- UNSOLICITED,SELL,-10,14,139.98
TRADES,05/10/2016,11/10/2016,SWN,SOUTHWESTERN ENERGY CO --- UNSOLICITED,SELL,-18,13.9,250.18
TRADES,05/10/2016,11/10/2016,CHK,CHESAPEAKE ENERGY CORP --- UNSOLICITED,SELL,-100,6.8,679.97
TRADES,06/10/2016,12/10/2016,TWTR,TWITTER INC --- UNSOLICITED,BUY,10,20.41,-204.1
MONEY_MOVEMENTS,06/10/2016,06/10/2016,ISPAZ,THE INSURED DEPOSIT PROGRAM,,,0,98.5
MONEY_MOVEMENTS,06/10/2016,06/10/2016,ISPAZ,THE INSURED DEPOSIT PROGRAM,,,0,-98.5
MONEY_MOVEMENTS,06/10/2016,06/10/2016,,TFR CASH TO MARGIN,,,0,-98.5
MONEY_MOVEMENTS,06/10/2016,06/10/2016,,TFR CASH TO MARGIN,,,0,98.5
MONEY_MOVEMENTS,07/10/2016,07/10/2016,ISPAZ,THE INSURED DEPOSIT PROGRAM,,,0,3
MONEY_MOVEMENTS,07/10/2016,07/10/2016,ISPAZ,THE INSURED DEPOSIT PROGRAM,,,0,-3
MONEY_MOVEMENTS,07/10/2016,07/10/2016,,TFR CASH TO MARGIN,,,0,-3
MONEY_MOVEMENTS,07/10/2016,07/10/2016,,TFR CASH TO MARGIN,,,0,3
TRADES,07/10/2016,13/10/2016,CSCO,CISCO SYSTEMS INC --- UNSOLICITED,BUY,10,31.4299,-314.3
TRADES,07/10/2016,13/10/2016,ENDP,***ENDO INTERNATIONAL PLC --- UNSOLICITED,SELL,-10,20.8,207.98
TRADES,07/10/2016,13/10/2016,ENDP,***ENDO INTERNATIONAL PLC --- UNSOLICITED,BUY,10,20.66,-206.6
TRADES,10/10/2016,13/10/2016,TWTR,TWITTER INC --- UNSOLICITED,BUY,10,17.165,-171.65
TRADES,10/10/2016,13/10/2016,NFLX,NETFLIX COM INC --- UNSOLICITED,BUY,5,103.9399,-519.7
TRADES,10/10/2016,13/10/2016,CSCO,CISCO SYSTEMS INC --- UNSOLICITED,SELL,-10,31.6,315.98
MONEY_MOVEMENTS,13/10/2016,13/10/2016,ISPAZ,THE INSURED DEPOSIT PROGRAM,,,0,-37.76
MONEY_MOVEMENTS,13/10/2016,13/10/2016,ISPAZ,THE INSURED DEPOSIT PROGRAM,,,0,37.76
MONEY_MOVEMENTS,13/10/2016,13/10/2016,,TFR MARGIN TO CASH,,,0,37.76
MONEY_MOVEMENTS,13/10/2016,13/10/2016,,TFR MARGIN TO CASH,,,0,-37.76
TRADES,18/10/2016,21/10/2016,NFLX,NETFLIX COM INC --- UNSOLICITED,SELL,-5,116.63,583.12
TRADES,19/10/2016,24/10/2016,URBN,URBAN OUTFITTERS INC --- UNSOLICITED,BUY,10,33.44,-334.4
TRADES,19/10/2016,24/10/2016,EXPD,EXPEDITORS INTERNATIONAL OF --- WASHINGTON INC --- UNSOLICITED,BUY,5,49.69,-248.45
TRADES,24/10/2016,27/10/2016,URBN,URBAN OUTFITTERS INC --- UNSOLICITED,SELL,-10,34,339.98
MONEY_MOVEMENTS,24/10/2016,24/10/2016,ISPAZ,THE INSURED DEPOSIT PROGRAM,,,0,-0.27
MONEY_MOVEMENTS,24/10/2016,24/10/2016,ISPAZ,THE INSURED DEPOSIT PROGRAM,,,0,0.27
MONEY_MOVEMENTS,24/10/2016,24/10/2016,,TFR MARGIN TO CASH,,,0,0.27
MONEY_MOVEMENTS,24/10/2016,24/10/2016,,TFR MARGIN TO CASH,,,0,-0.27
TRADES,24/10/2016,27/10/2016,EXPD,EXPEDITORS INTERNATIONAL OF --- WASHINGTON INC --- UNSOLICITED,SELL,-5,50,249.98
TRADES,25/10/2016,28/10/2016,IBM,INTERNATIONAL BUSINESS --- MACHINES CORP --- UNSOLICITED,BUY,1,150.69,-150.69
TRADES,25/10/2016,28/10/2016,INTC,INTEL CORP --- UNSOLICITED,BUY,10,35.19,-351.9
TRADES,26/10/2016,31/10/2016,IBM,INTERNATIONAL BUSINESS --- MACHINES CORP --- UNSOLICITED,SELL,-1,151.25,151.23
TRADES,26/10/2016,31/10/2016,CHK,CHESAPEAKE ENERGY CORP --- UNSOLICITED,BUY,40,6.05,-242
MONEY_MOVEMENTS,28/10/2016,28/10/2016,,TRNSFR FROM CASH TO MARGIN,,,0,-49.03
MONEY_MOVEMENTS,28/10/2016,28/10/2016,,TRNSFR FROM CASH TO MARGIN,,,0,49.03
MONEY_MOVEMENTS,28/10/2016,28/10/2016,ISPAZ,THE INSURED DEPOSIT PROGRAM --- FUNDS REDEEMED,,,0,49.03
MONEY_MOVEMENTS,28/10/2016,28/10/2016,ISPAZ,THE INSURED DEPOSIT PROGRAM,,,0,-49.03
MONEY_MOVEMENTS,31/10/2016,31/10/2016,ISPAZ,THE INSURED DEPOSIT PROGRAM,,,0,-45.63
MONEY_MOVEMENTS,31/10/2016,31/10/2016,ISPAZ,THE INSURED DEPOSIT PROGRAM,,,0,45.63
MONEY_MOVEMENTS,31/10/2016,31/10/2016,,TFR MARGIN TO CASH,,,0,45.63
MONEY_MOVEMENTS,31/10/2016,31/10/2016,,TFR MARGIN TO CASH,,,0,-45.63
TRADES,07/11/2016,10/11/2016,TWTR,TWITTER INC --- UNSOLICITED,BUY,50,18.54,-927
MONEY_MOVEMENTS,07/11/2016,07/11/2016,,ACH DEPOSIT --- SEN(2016110717178),,,0,1000
MONEY_MOVEMENTS,08/11/2016,08/11/2016,ISPAZ,THE INSURED DEPOSIT PROGRAM,,,0,-29.6
MONEY_MOVEMENTS,08/11/2016,08/11/2016,ISPAZ,THE INSURED DEPOSIT PROGRAM,,,0,29.6
MONEY_MOVEMENTS,08/11/2016,08/11/2016,,TFR MARGIN TO CASH,,,0,29.6
MONEY_MOVEMENTS,08/11/2016,08/11/2016,,TFR MARGIN TO CASH,,,0,-29.6
TRADES,09/11/2016,15/11/2016,TWTR,TWITTER INC --- UNSOLICITED,SELL,-70,18.71,1309.66
MONEY_MOVEMENTS,10/11/2016,10/11/2016,ISPAZ,THE INSURED DEPOSIT PROGRAM,,,0,-35.38
MONEY_MOVEMENTS,10/11/2016,10/11/2016,ISPAZ,THE INSURED DEPOSIT PROGRAM,,,0,35.38
MONEY_MOVEMENTS,10/11/2016,10/11/2016,,TFR MARGIN TO CASH,,,0,35.38
MONEY_MOVEMENTS,10/11/2016,10/11/2016,,TFR MARGIN TO CASH,,,0,-35.38
TRADES,11/11/2016,16/11/2016,SWN,SOUTHWESTERN ENERGY CO --- UNSOLICITED,SELL,-100,10.02,1001.96
TRADES,11/11/2016,16/11/2016,SWN,SOUTHWESTERN ENERGY CO --- UNSOLICITED,BUY,100,9.9299,-992.99
TRADES,15/11/2016,18/11/2016,INTC,INTEL CORP --- UNSOLICITED,SELL,-10,35.29,352.88
TRADES,15/11/2016,18/11/2016,CSCO,CISCO SYSTEMS INC --- UNSOLICITED,BUY,25,31.45,-786.25
TRADES,15/11/2016,18/11/2016,AMAT,APPLIED MATERIALS INC --- UNSOLICITED,BUY,20,29.11,-582.2
MONEY_MOVEMENTS,16/11/2016,16/11/2016,ISPAZ,THE INSURED DEPOSIT PROGRAM,,,0,-41.21
MONEY_MOVEMENTS,16/11/2016,16/11/2016,ISPAZ,THE INSURED DEPOSIT PROGRAM,,,0,41.21
MONEY_MOVEMENTS,16/11/2016,16/11/2016,,TFR MARGIN TO CASH,,,0,41.21
MONEY_MOVEMENTS,16/11/2016,16/11/2016,,TFR MARGIN TO CASH,,,0,-41.21
MONEY_MOVEMENTS,18/11/2016,18/11/2016,ISPAZ,THE INSURED DEPOSIT PROGRAM,,,0,-269.87
MONEY_MOVEMENTS,18/11/2016,18/11/2016,ISPAZ,THE INSURED DEPOSIT PROGRAM,,,0,269.87
MONEY_MOVEMENTS,18/11/2016,18/11/2016,,TFR MARGIN TO CASH,,,0,269.87
MONEY_MOVEMENTS,18/11/2016,18/11/2016,,TFR MARGIN TO CASH,,,0,-269.87
TRADES,18/11/2016,23/11/2016,AMAT,APPLIED MATERIALS INC --- UNSOLICITED,SELL,-20,30.46,609.17
TRADES,21/11/2016,25/11/2016,CHK,CHESAPEAKE ENERGY CORP --- UNSOLICITED,SELL,-40,6.22,248.78
TRADES,23/11/2016,29/11/2016,THO,THOR INDUSTRIES INC --- UNSOLICITED,SELL,-10,89.4301,894.27
TRADES,23/11/2016,29/11/2016,THO,THOR INDUSTRIES INC --- UNSOLICITED,BUY,10,88.43,-884.3
TRADES,23/11/2016,29/11/2016,BBT,BB&T CORP --- UNSOLICITED,BUY,7,44.61,-312.27
TRADES,25/11/2016,30/11/2016,SPYG,SPDR SER TR --- S&P 500 GROWTH ETF --- UNSOLICITED --- PRODUCT DESCRIPTION UNDER --- SEPARATE COVER,SELL,-1,105.25,105.23
TRADES,25/11/2016,30/11/2016,BBT,BB&T CORP --- UNSOLICITED,SELL,-7,44.71,312.95
TRADES,28/11/2016,01/12/2016,S013287,SMITH & WESSON HOLDING CORP --- UNSOLICITED,BUY,1,23.59,-23.59
TRADES,28/11/2016,01/12/2016,S013287,SMITH & WESSON HOLDING CORP --- UNSOLICITED,BUY,13,23.59,-306.67
TRADES,28/11/2016,01/12/2016,FIVE,FIVE BELOW INC --- UNSOLICITED,BUY,7,41.71,-291.97
TRADES,28/11/2016,01/12/2016,CBK,CHRISTOPHER & BANKS CORP --- UNSOLICITED,BUY,16,1.76,-28.16
TRADES,28/11/2016,01/12/2016,CBK,CHRISTOPHER & BANKS CORP --- UNSOLICITED,BUY,17,1.76,-29.92
TRADES,28/11/2016,01/12/2016,CBK,CHRISTOPHER & BANKS CORP --- UNSOLICITED,BUY,67,1.76,-117.92
TRADES,28/11/2016,01/12/2016,CBK,CHRISTOPHER & BANKS CORP --- UNSOLICITED,BUY,100,1.76,-176
TRADES,28/11/2016,01/12/2016,CENT,CENTRAL GARDEN & PET CO --- UNSOLICITED,BUY,11,29.7,-326.7
MONEY_MOVEMENTS,01/12/2016,01/12/2016,ISPAZ,THE INSURED DEPOSIT PROGRAM,,,0,327.1
MONEY_MOVEMENTS,01/12/2016,01/12/2016,ISPAZ,THE INSURED DEPOSIT PROGRAM,,,0,-327.1
MONEY_MOVEMENTS,01/12/2016,01/12/2016,,TFR CASH TO MARGIN,,,0,-327.1
MONEY_MOVEMENTS,01/12/2016,01/12/2016,,TFR CASH TO MARGIN,,,0,327.1
MONEY_MOVEMENTS,01/12/2016,01/12/2016,INTC,INTEL CORP --- CASH DIV  ON      10 SHS --- REC 11/07/16 PAY 12/01/16,,,0,2.6
TRADES,01/12/2016,06/12/2016,FIVE,FIVE BELOW INC --- UNSOLICITED,SELL,-7,42.71,298.95
TRADES,01/12/2016,06/12/2016,CBK,CHRISTOPHER & BANKS CORP --- UNSOLICITED,SELL,-200,2,399.97
MONEY_MOVEMENTS,02/12/2016,02/12/2016,ISPAZ,THE INSURED DEPOSIT PROGRAM,,,0,-2.6
MONEY_MOVEMENTS,02/12/2016,02/12/2016,ISPAZ,THE INSURED DEPOSIT PROGRAM,,,0,2.6
MONEY_MOVEMENTS,02/12/2016,02/12/2016,,TFR MARGIN TO CASH,,,0,2.6
MONEY_MOVEMENTS,02/12/2016,02/12/2016,,TFR MARGIN TO CASH,,,0,-2.6
TRADES,02/12/2016,07/12/2016,CENT,CENTRAL GARDEN & PET CO --- UNSOLICITED,SELL,-11,30.6576,337.21
TRADES,05/12/2016,08/12/2016,SPY,SPDR S&P 500 ETF TRUST --- UNSOLICITED --- PRODUCT DESCRIPTION UNDER --- SEPARATE COVER,BUY,4,221.1884,-884.75
TRADES,05/12/2016,08/12/2016,SPY,SPDR S&P 500 ETF TRUST --- UNSOLICITED --- PRODUCT DESCRIPTION UNDER --- SEPARATE COVER,BUY,1,221.3,-221.3
TRADES,05/12/2016,08/12/2016,TLT,ISHARES 20 PLUS YEAR TREASURY --- BOND ETF --- UNSOLICITED --- PRODUCT DESCRIPTION UNDER --- SEPARATE COVER,BUY,5,118.57,-592.85
TRADES,05/12/2016,08/12/2016,TLT,ISHARES 20 PLUS YEAR TREASURY --- BOND ETF --- UNSOLICITED --- PRODUCT DESCRIPTION UNDER --- SEPARATE COVER,BUY,1,118.5599,-118.56
TRADES,05/12/2016,08/12/2016,FB,FACEBOOK INC --- CL A --- UNSOLICITED,BUY,10,116.68,-1166.8
MONEY_MOVEMENTS,06/12/2016,06/12/2016,ISPAZ,THE INSURED DEPOSIT PROGRAM,,,0,-79.26
MONEY_MOVEMENTS,06/12/2016,06/12/2016,ISPAZ,THE INSURED DEPOSIT PROGRAM,,,0,79.26
MONEY_MOVEMENTS,06/12/2016,06/12/2016,,TFR MARGIN TO CASH,,,0,79.26
MONEY_MOVEMENTS,06/12/2016,06/12/2016,,TFR MARGIN TO CASH,,,0,-79.26
TRADES,06/12/2016,09/12/2016,TLT,ISHARES 20 PLUS YEAR TREASURY --- BOND ETF --- UNSOLICITED --- PRODUCT DESCRIPTION UNDER --- SEPARATE COVER,BUY,10,119.66,-1196.6
TRADES,06/12/2016,09/12/2016,FB,FACEBOOK INC --- CL A --- UNSOLICITED,SELL,-10,117.68,1176.76
MONEY_MOVEMENTS,08/12/2016,08/12/2016,ISPAZ,THE INSURED DEPOSIT PROGRAM,,,0,176.45
MONEY_MOVEMENTS,08/12/2016,08/12/2016,ISPAZ,THE INSURED DEPOSIT PROGRAM,,,0,-176.45
MONEY_MOVEMENTS,08/12/2016,08/12/2016,,TFR CASH TO MARGIN,,,0,-176.45
MONEY_MOVEMENTS,08/12/2016,08/12/2016,,TFR CASH TO MARGIN,,,0,176.45
TRADES,08/12/2016,13/12/2016,SPY,SPDR S&P 500 ETF TRUST --- UNSOLICITED --- PRODUCT DESCRIPTION UNDER --- SEPARATE COVER,BUY,9,224.65,-2021.85
TRADES,08/12/2016,13/12/2016,TLT,ISHARES 20 PLUS YEAR TREASURY --- BOND ETF --- UNSOLICITED --- PRODUCT DESCRIPTION UNDER --- SEPARATE COVER,SELL,-16,119.49,1911.78
TRADES,13/12/2016,16/12/2016,SPY,SPDR S&P 500 ETF TRUST --- UNSOLICITED --- PRODUCT DESCRIPTION UNDER --- SEPARATE COVER,SELL,-1,227.6801,227.66
TRADES,13/12/2016,16/12/2016,DBC,POWERSHARES DB COMMODITY INDEX --- TRACKING FUND UNIT BEN INT --- UNSOLICITED --- PRODUCT DESCRIPTION UNDER --- SEPARATE COVER,BUY,15,15.78,-236.7
TRADES,15/12/2016,20/12/2016,SBUX,STARBUCKS CORP --- UNSOLICITED,BUY,15,58.63,-879.45
TRADES,15/12/2016,20/12/2016,SPY,SPDR S&P 500 ETF TRUST --- UNSOLICITED --- PRODUCT DESCRIPTION UNDER --- SEPARATE COVER,SELL,-5,226.29,1131.41
TRADES,20/12/2016,23/12/2016,SPY,SPDR S&P 500 ETF TRUST --- UNSOLICITED --- PRODUCT DESCRIPTION UNDER --- SEPARATE COVER,SELL,-8,226.42,1811.31
TRADES,20/12/2016,23/12/2016,IWM,ISHARES RUSSELL 2000 ETF --- UNSOLICITED --- PRODUCT DESCRIPTION UNDER --- SEPARATE COVER,BUY,5,138.0099,-690.05
TRADES,20/12/2016,23/12/2016,CSX,CSX CORPORATION --- COM --- UNSOLICITED,BUY,25,36.435,-910.88
TRADES,21/12/2016,27/12/2016,CSX,CSX CORPORATION --- COM --- UNSOLICITED,SELL,-25,36.44,910.97
TRADES,27/12/2016,30/12/2016,SPY,SPDR S&P 500 ETF TRUST --- UNSOLICITED --- PRODUCT DESCRIPTION UNDER --- SEPARATE COVER,BUY,1,226.5999,-226.6
TRADES,27/12/2016,30/12/2016,NVDA,NVIDIA CORP --- UNSOLICITED,BUY,10,114.72,-1147.2
MONEY_MOVEMENTS,29/12/2016,29/12/2016,IWM,ISHARES RUSSELL 2000 ETF --- SUBST PAY ON       5 SHS --- REC 12/27/16 PAY 12/29/16 --- IN LIEU OF DIVIDEND,,,0,2.81
TRADES,30/12/2016,05/01/2017,SBUX,STARBUCKS CORP --- UNSOLICITED,SELL,-15,56.0303,840.42
TRADES,30/12/2016,05/01/2017,SPY,SPDR S&P 500 ETF TRUST --- UNSOLICITED --- PRODUCT DESCRIPTION UNDER --- SEPARATE COVER,BUY,1,223.815,-223.82
TRADES,30/12/2016,05/01/2017,SPY,SPDR S&P 500 ETF TRUST --- UNSOLICITED --- PRODUCT DESCRIPTION UNDER --- SEPARATE COVER,BUY,7,223.85,-1566.95
TRADES,30/12/2016,05/01/2017,S013287,SMITH & WESSON HOLDING CORP --- UNSOLICITED,SELL,-14,21.3502,298.88
TRADES,30/12/2016,05/01/2017,DBC,POWERSHARES DB COMMODITY INDEX --- TRACKING FUND UNIT BEN INT --- UNSOLICITED --- PRODUCT DESCRIPTION UNDER --- SEPARATE COVER,SELL,-15,15.832,237.46
TRADES,30/12/2016,05/01/2017,NVDA,NVIDIA CORP --- UNSOLICITED,SELL,-10,108.311,1083.07
TRADES,30/12/2016,05/01/2017,IWM,ISHARES RUSSELL 2000 ETF --- UNSOLICITED --- PRODUCT DESCRIPTION UNDER --- SEPARATE COVER,SELL,-5,134.93,674.62
TRADES,30/12/2016,05/01/2017,TLT,ISHARES 20 PLUS YEAR TREASURY --- BOND ETF --- UNSOLICITED --- PRODUCT DESCRIPTION UNDER --- SEPARATE COVER,BUY,10,118.9399,-1189.4
TRADES,30/12/2016,05/01/2017,TLT,ISHARES 20 PLUS YEAR TREASURY --- BOND ETF --- UNSOLICITED --- PRODUCT DESCRIPTION UNDER --- SEPARATE COVER,BUY,7,118.94,-832.58
TRADES,30/12/2016,05/01/2017,CSCO,CISCO SYSTEMS INC --- UNSOLICITED,SELL,-25,30.32,757.97
MONEY_MOVEMENTS,03/01/2017,03/01/2017,,XFER MARGIN TO CASH,,,0,-10
MONEY_MOVEMENTS,03/01/2017,03/01/2017,,XFER CASH TO MARGIN,,,0,10
MONEY_MOVEMENTS,03/01/2017,03/01/2017,,GOLD FEE --- 2139,,,0,-10
TRADES,04/01/2017,09/01/2017,WBA,WALGREEN BOOTS ALLIANCE INC --- COM --- UNSOLICITED,BUY,4,82.95,-331.8
TRADES,04/01/2017,09/01/2017,SPY,SPDR S&P 500 ETF TRUST --- UNSOLICITED --- PRODUCT DESCRIPTION UNDER --- SEPARATE COVER,SELL,-1,226.5,226.48
TRADES,04/01/2017,09/01/2017,TLT,ISHARES 20 PLUS YEAR TREASURY --- BOND ETF --- UNSOLICITED --- PRODUCT DESCRIPTION UNDER --- SEPARATE COVER,SELL,-1,119.95,119.93
TRADES,05/01/2017,10/01/2017,WBA,WALGREEN BOOTS ALLIANCE INC --- COM --- UNSOLICITED,SELL,-4,83.2,332.78
TRADES,06/01/2017,11/01/2017,SPY,SPDR S&P 500 ETF TRUST --- UNSOLICITED --- PRODUCT DESCRIPTION UNDER --- SEPARATE COVER,SELL,-8,226.4901,1811.87
TRADES,06/01/2017,11/01/2017,HYG,ISHARES IBOXX $ HIGH YIELD --- CORPORATE BOND ETF --- UNSOLICITED --- PRODUCT DESCRIPTION UNDER --- SEPARATE COVER,BUY,29,87.18,-2528.22
TRADES,06/01/2017,11/01/2017,TLT,ISHARES 20 PLUS YEAR TREASURY --- BOND ETF --- UNSOLICITED --- PRODUCT DESCRIPTION UNDER --- SEPARATE COVER,SELL,-16,121.1001,1937.54
TRADES,06/01/2017,11/01/2017,AYI,ACUITY BRANDS INC --- UNSOLICITED,BUY,4,239.6999,-958.8
TRADES,09/01/2017,12/01/2017,AYI,ACUITY BRANDS INC --- UNSOLICITED,BUY,1,200.8024,-200.8
TRADES,12/01/2017,18/01/2017,HYG,ISHARES IBOXX $ HIGH YIELD --- CORPORATE BOND ETF --- UNSOLICITED --- PRODUCT DESCRIPTION UNDER --- SEPARATE COVER,SELL,-10,87.2,871.97
TRADES,13/01/2017,19/01/2017,HYG,ISHARES IBOXX $ HIGH YIELD --- CORPORATE BOND ETF --- UNSOLICITED --- PRODUCT DESCRIPTION UNDER --- SEPARATE COVER,SELL,-19,87.2801,1658.27
TRADES,13/01/2017,19/01/2017,TLT,ISHARES 20 PLUS YEAR TREASURY --- BOND ETF --- UNSOLICITED --- PRODUCT DESCRIPTION UNDER --- SEPARATE COVER,BUY,29,120.78,-3502.62
TRADES,13/01/2017,19/01/2017,AYI,ACUITY BRANDS INC --- UNSOLICITED,SELL,-5,212.8918,1064.42
TRADES,17/01/2017,20/01/2017,TLT,ISHARES 20 PLUS YEAR TREASURY --- BOND ETF --- UNSOLICITED --- PRODUCT DESCRIPTION UNDER --- SEPARATE COVER,SELL,-8,122.4801,979.8
TRADES,17/01/2017,20/01/2017,C,CITIGROUP INC --- COM --- UNSOLICITED,BUY,18,58.58,-1054.44
TRADES,18/01/2017,23/01/2017,KEY,KEYCORP NEW --- UNSOLICITED,BUY,62,17.745,-1100.19
TRADES,18/01/2017,23/01/2017,TLT,ISHARES 20 PLUS YEAR TREASURY --- BOND ETF --- UNSOLICITED --- PRODUCT DESCRIPTION UNDER --- SEPARATE COVER,SELL,-21,121.7,2555.63
TRADES,18/01/2017,23/01/2017,C,CITIGROUP INC --- COM --- UNSOLICITED,BUY,1,58.085,-58.09
TRADES,18/01/2017,23/01/2017,BBT,BB&T CORP --- UNSOLICITED,BUY,24,45.7499,-1098
TRADES,18/01/2017,23/01/2017,BK,BANK NEW YORK MELLON CORP --- UNSOLICITED,BUY,24,45.9599,-1103.04
MONEY_MOVEMENTS,18/01/2017,18/01/2017,,ACH DEPOSIT --- SEN(2017011814397),,,0,500
TRADES,19/01/2017,24/01/2017,STI,SUNTRUST BANKS INC --- UNSOLICITED,BUY,14,54.14,-757.96
TRADES,19/01/2017,24/01/2017,RF,REGIONS FINANCIAL CORP --- UNSOLICITED,BUY,57,14.06,-801.42
TRADES,19/01/2017,24/01/2017,KEY,KEYCORP NEW --- UNSOLICITED,SELL,-16,17.8922,286.26
TRADES,19/01/2017,24/01/2017,CFG,CITIZENS FINANCIAL GROUP INC --- COM --- UNSOLICITED,BUY,23,34.7871,-800.1
TRADES,19/01/2017,24/01/2017,C,CITIGROUP INC --- COM --- UNSOLICITED,SELL,-19,57.2,1086.76
TRADES,19/01/2017,24/01/2017,BBT,BB&T CORP --- UNSOLICITED,SELL,-6,45.2601,271.54
TRADES,19/01/2017,24/01/2017,BK,BANK NEW YORK MELLON CORP --- UNSOLICITED,SELL,-6,45.2864,271.7
MONEY_MOVEMENTS,19/01/2017,19/01/2017,,ACH DEPOSIT --- SEN(2017011913515),,,0,500
TRADES,20/01/2017,25/01/2017,STI,SUNTRUST BANKS INC --- UNSOLICITED,BUY,11,55.005,-605.06
TRADES,20/01/2017,25/01/2017,RF,REGIONS FINANCIAL CORP --- UNSOLICITED,BUY,42,14.01,-588.42
TRADES,20/01/2017,25/01/2017,KEY,KEYCORP NEW --- UNSOLICITED,SELL,-46,17.9801,827.05
TRADES,20/01/2017,25/01/2017,HYG,ISHARES IBOXX $ HIGH YIELD --- CORPORATE BOND ETF --- UNSOLICITED --- PRODUCT DESCRIPTION UNDER --- SEPARATE COVER,BUY,2,87.0199,-174.04
TRADES,20/01/2017,25/01/2017,TLT,ISHARES 20 PLUS YEAR TREASURY --- BOND ETF --- UNSOLICITED --- PRODUCT DESCRIPTION UNDER --- SEPARATE COVER,BUY,1,119.7499,-119.75
TRADES,20/01/2017,25/01/2017,CFG,CITIZENS FINANCIAL GROUP INC --- COM --- UNSOLICITED,BUY,15,35.7699,-536.55
TRADES,20/01/2017,25/01/2017,BBT,BB&T CORP --- UNSOLICITED,SELL,-18,45.7901,824.19
TRADES,20/01/2017,25/01/2017,BK,BANK NEW YORK MELLON CORP --- UNSOLICITED,SELL,-18,44.7401,805.29
TRADES,23/01/2017,26/01/2017,STI,SUNTRUST BANKS INC --- UNSOLICITED,SELL,-25,54.9616,1374
TRADES,23/01/2017,26/01/2017,RF,REGIONS FINANCIAL CORP --- UNSOLICITED,SELL,-99,13.9,1376.06
TRADES,23/01/2017,26/01/2017,HYG,ISHARES IBOXX $ HIGH YIELD --- CORPORATE BOND ETF --- UNSOLICITED --- PRODUCT DESCRIPTION UNDER --- SEPARATE COVER,BUY,16,87.12,-1393.92
TRADES,23/01/2017,26/01/2017,TLT,ISHARES 20 PLUS YEAR TREASURY --- BOND ETF --- UNSOLICITED --- PRODUCT DESCRIPTION UNDER --- SEPARATE COVER,BUY,12,121.0199,-1452.24
TRADES,23/01/2017,26/01/2017,FITB,FIFTH THIRD BANCORP --- UNSOLICITED,BUY,52,26.228,-1363.86
TRADES,23/01/2017,26/01/2017,CFG,CITIZENS FINANCIAL GROUP INC --- COM --- UNSOLICITED,SELL,-38,35.5701,1351.62
TRADES,24/01/2017,27/01/2017,STT,STATE STREET CORP --- UNSOLICITED,BUY,14,78.9199,-1104.88
TRADES,24/01/2017,27/01/2017,HYG,ISHARES IBOXX $ HIGH YIELD --- CORPORATE BOND ETF --- UNSOLICITED --- PRODUCT DESCRIPTION UNDER --- SEPARATE COVER,SELL,-18,87.1701,1569.01
TRADES,24/01/2017,27/01/2017,TLT,ISHARES 20 PLUS YEAR TREASURY --- BOND ETF --- UNSOLICITED --- PRODUCT DESCRIPTION UNDER --- SEPARATE COVER,SELL,-13,120.5601,1567.23
TRADES,24/01/2017,27/01/2017,HES,HESS CORPORATION --- UNSOLICITED,BUY,20,56.9199,-1138.4
TRADES,24/01/2017,27/01/2017,FCX,FREEPORT MCMORAN INC --- UNSOLICITED,BUY,69,16.4699,-1136.42
TRADES,24/01/2017,27/01/2017,FITB,FIFTH THIRD BANCORP --- UNSOLICITED,SELL,-8,26.2001,209.58
TRADES,25/01/2017,30/01/2017,VRTX,VERTEX PHARMACEUTICALS INC --- UNSOLICITED,BUY,7,83.4299,-584.01
TRADES,25/01/2017,30/01/2017,STT,STATE STREET CORP --- UNSOLICITED,SELL,-14,77.52,1085.24
TRADES,25/01/2017,30/01/2017,LUV,SOUTHWEST AIRLINES CO --- UNSOLICITED,BUY,12,49.4999,-594
TRADES,25/01/2017,30/01/2017,SHW,SHERWIN WILLIAMS CO --- UNSOLICITED,BUY,2,281.6899,-563.38
TRADES,25/01/2017,30/01/2017,NOW,SERVICENOW INC --- COM --- UNSOLICITED,BUY,7,84.9351,-594.55
TRADES,25/01/2017,30/01/2017,QCOM,QUALCOMM INC --- UNSOLICITED,BUY,10,56.14,-561.4
TRADES,25/01/2017,30/01/2017,HES,HESS CORPORATION --- UNSOLICITED,SELL,-20,57.5101,1150.16
TRADES,25/01/2017,30/01/2017,FCX,FREEPORT MCMORAN INC --- UNSOLICITED,SELL,-69,16.475,1136.74
TRADES,25/01/2017,30/01/2017,FITB,FIFTH THIRD BANCORP --- UNSOLICITED,SELL,-44,26.6401,1172.12
TRADES,25/01/2017,30/01/2017,EBAY,EBAY INC --- UNSOLICITED,BUY,20,30.1798,-603.6
TRADES,25/01/2017,30/01/2017,CELG,CELGENE CORP --- UNSOLICITED,BUY,5,113.18,-565.9
TRADES,25/01/2017,30/01/2017,BMY,BRISTOL MYERS SQUIBB CO --- UNSOLICITED,BUY,12,49.1398,-589.68
TRADES,26/01/2017,31/01/2017,VRTX,VERTEX PHARMACEUTICALS INC --- UNSOLICITED,BUY,10,84.47,-844.7
TRADES,26/01/2017,31/01/2017,LUV,SOUTHWEST AIRLINES CO --- UNSOLICITED,SELL,-12,52.7301,632.73
TRADES,26/01/2017,31/01/2017,SHW,SHERWIN WILLIAMS CO --- UNSOLICITED,SELL,-2,308.675,617.32
TRADES,26/01/2017,31/01/2017,NOW,SERVICENOW INC --- COM --- UNSOLICITED,BUY,9,89.9699,-809.73
TRADES,26/01/2017,31/01/2017,QCOM,QUALCOMM INC --- UNSOLICITED,SELL,-10,53.8801,538.77
TRADES,26/01/2017,31/01/2017,NFLX,NETFLIX COM INC --- UNSOLICITED,BUY,1,139.76,-139.76
TRADES,26/01/2017,31/01/2017,HYG,ISHARES IBOXX $ HIGH YIELD --- CORPORATE BOND ETF --- UNSOLICITED --- PRODUCT DESCRIPTION UNDER --- SEPARATE COVER,BUY,5,87.5,-437.5
TRADES,26/01/2017,31/01/2017,GD,GENERAL DYNAMICS CORP --- UNSOLICITED,BUY,8,176.9225,-1415.38
TRADES,26/01/2017,31/01/2017,EBAY,EBAY INC --- UNSOLICITED,SELL,-20,32.3617,647.2
TRADES,26/01/2017,31/01/2017,CELG,CELGENE CORP --- UNSOLICITED,SELL,-5,111.1301,555.62
TRADES,26/01/2017,31/01/2017,BMY,BRISTOL MYERS SQUIBB CO --- UNSOLICITED,SELL,-12,48.6732,584.05
TRADES,27/01/2017,01/02/2017,NFLX,NETFLIX COM INC --- UNSOLICITED,SELL,-1,140.0301,140.01
TRADES,27/01/2017,01/02/2017,HYG,ISHARES IBOXX $ HIGH YIELD --- CORPORATE BOND ETF --- UNSOLICITED --- PRODUCT DESCRIPTION UNDER --- SEPARATE COVER,BUY,18,87.565,-1576.17
TRADES,27/01/2017,01/02/2017,GD,GENERAL DYNAMICS CORP --- UNSOLICITED,SELL,-8,182.3201,1458.51
MONEY_MOVEMENTS,30/01/2017,30/01/2017,,XFER MARGIN TO CASH,,,0,-10
MONEY_MOVEMENTS,30/01/2017,30/01/2017,,XFER CASH TO MARGIN,,,0,10
TRADES,30/01/2017,02/02/2017,VRTX,VERTEX PHARMACEUTICALS INC --- UNSOLICITED,SELL,-8,85.0001,679.97
TRADES,30/01/2017,02/02/2017,SPG,SIMON PROPERTY GROUP INC --- UNSOLICITED,BUY,4,178.6399,-714.56
TRADES,30/01/2017,02/02/2017,NOW,SERVICENOW INC --- COM --- UNSOLICITED,SELL,-7,88.9569,622.67
TRADES,30/01/2017,02/02/2017,HYG,ISHARES IBOXX $ HIGH YIELD --- CORPORATE BOND ETF --- UNSOLICITED --- PRODUCT DESCRIPTION UNDER --- SEPARATE COVER,SELL,-23,87.3901,2009.91
MONEY_MOVEMENTS,30/01/2017,30/01/2017,,GOLD FEE --- 3851,,,0,-10
TRADES,30/01/2017,02/02/2017,LLY,ELI LILLY & CO --- UNSOLICITED,BUY,9,74.77,-672.93
TRADES,30/01/2017,02/02/2017,CNX,CONSOL ENERGY INC --- UNSOLICITED,BUY,39,18.02,-702.78
TRADES,30/01/2017,02/02/2017,ABC,AMERISOURCEBERGEN CORP --- UNSOLICITED,BUY,8,81.775,-654.2
TRADES,30/01/2017,02/02/2017,AET,AETNA INC NEW --- UNSOLICITED,BUY,6,116.8299,-700.98
MONEY_MOVEMENTS,30/01/2017,30/01/2017,,ACH DEPOSIT --- SEN(2017013018468),,,0,10
TRADES,31/01/2017,03/02/2017,X,UNITED STATES STL CORP NEW --- UNSOLICITED,BUY,26,32.1499,-835.9
MONEY_MOVEMENTS,31/01/2017,31/01/2017,SPY,SPDR S&P 500 ETF TRUST --- SUBST PAY ON       4 SHS --- REC 12/20/16 PAY 01/31/17 --- IN LIEU OF DIVIDEND,,,0,5.32
MONEY_MOVEMENTS,31/01/2017,31/01/2017,SPY,SPDR S&P 500 ETF TRUST --- CASH DIV  ON       4 SHS --- REC 12/20/16 PAY 01/31/17 --- NON-QUALIFIED DIVIDEND --- AMOUNT INCLUDED ON 2016-1099,,,0,5.32
TRADES,31/01/2017,03/02/2017,SPG,SIMON PROPERTY GROUP INC --- UNSOLICITED,SELL,-4,182.6801,730.69
TRADES,31/01/2017,03/02/2017,MPC,MARATHON PETE CORP --- COM --- UNSOLICITED,BUY,17,47.6299,-809.71
TRADES,31/01/2017,03/02/2017,LLY,ELI LILLY & CO --- UNSOLICITED,SELL,-9,76.1936,685.71
TRADES,31/01/2017,03/02/2017,CNX,CONSOL ENERGY INC --- UNSOLICITED,BUY,11,16.8189,-185.01
TRADES,31/01/2017,03/02/2017,APC,ANADARKO PETROLEUM CORP --- UNSOLICITED,BUY,12,68.47,-821.64
TRADES,31/01/2017,03/02/2017,ABC,AMERISOURCEBERGEN CORP --- UNSOLICITED,SELL,-8,86.8901,695.09
TRADES,31/01/2017,03/02/2017,AET,AETNA INC NEW --- UNSOLICITED,SELL,-6,116.9071,701.41
TRADES,02/02/2017,07/02/2017,VRTX,VERTEX PHARMACEUTICALS INC --- UNSOLICITED,SELL,-9,85.73,771.54
TRADES,02/02/2017,07/02/2017,X,UNITED STATES STL CORP NEW --- UNSOLICITED,SELL,-26,33.5531,872.35
TRADES,02/02/2017,07/02/2017,NOW,SERVICENOW INC --- COM --- UNSOLICITED,SELL,-9,89.3857,804.44
TRADES,02/02/2017,07/02/2017,PSX,PHILLIPS 66 --- COM --- UNSOLICITED,BUY,18,80.46,-1448.28
TRADES,02/02/2017,07/02/2017,MPC,MARATHON PETE CORP --- COM --- UNSOLICITED,SELL,-17,47.5751,808.75
TRADES,02/02/2017,07/02/2017,HYG,ISHARES IBOXX $ HIGH YIELD --- CORPORATE BOND ETF --- UNSOLICITED --- PRODUCT DESCRIPTION UNDER --- SEPARATE COVER,BUY,1,87.185,-87.19
TRADES,02/02/2017,07/02/2017,HYG,ISHARES IBOXX $ HIGH YIELD --- CORPORATE BOND ETF --- UNSOLICITED --- PRODUCT DESCRIPTION UNDER --- SEPARATE COVER,BUY,3,87.185,-261.56
TRADES,02/02/2017,07/02/2017,GPRO,GOPRO INC --- CL A --- UNSOLICITED,BUY,42,10.72,-450.24
TRADES,02/02/2017,07/02/2017,GPRO,GOPRO INC --- CL A --- UNSOLICITED,BUY,100,10.715,-1071.5
TRADES,02/02/2017,07/02/2017,CNX,CONSOL ENERGY INC --- UNSOLICITED,SELL,-50,16.6716,833.55
TRADES,02/02/2017,07/02/2017,CMG,CHIPOTLE MEXICAN GRILL INC --- COMMON STOCK --- UNSOLICITED,BUY,1,423.88,-423.88
TRADES,02/02/2017,07/02/2017,CMG,CHIPOTLE MEXICAN GRILL INC --- COMMON STOCK --- UNSOLICITED,BUY,1,423.88,-423.88
TRADES,02/02/2017,07/02/2017,CMG,CHIPOTLE MEXICAN GRILL INC --- COMMON STOCK --- UNSOLICITED,BUY,1,423.88,-423.88
TRADES,02/02/2017,07/02/2017,APC,ANADARKO PETROLEUM CORP --- UNSOLICITED,SELL,-12,68.1001,817.17
TRADES,03/02/2017,08/02/2017,PSX,PHILLIPS 66 --- COM --- UNSOLICITED,SELL,-18,79.9103,1438.34
TRADES,03/02/2017,08/02/2017,HYG,ISHARES IBOXX $ HIGH YIELD --- CORPORATE BOND ETF --- UNSOLICITED --- PRODUCT DESCRIPTION UNDER --- SEPARATE COVER,BUY,36,87.53,-3151.08
TRADES,03/02/2017,08/02/2017,TLT,ISHARES 20 PLUS YEAR TREASURY --- BOND ETF --- UNSOLICITED --- PRODUCT DESCRIPTION UNDER --- SEPARATE COVER,BUY,11,119.65,-1316.15
TRADES,03/02/2017,08/02/2017,GPRO,GOPRO INC --- CL A --- UNSOLICITED,SELL,-142,9.6001,1363.16
TRADES,03/02/2017,08/02/2017,CMG,CHIPOTLE MEXICAN GRILL INC --- COMMON STOCK --- UNSOLICITED,SELL,-3,409.2501,1227.71
TRADES,06/02/2017,09/02/2017,VMC,VULCAN MATERIALS CO --- (HOLDING CO) --- UNSOLICITED,BUY,5,127.88,-639.4
TRADES,06/02/2017,09/02/2017,NOV,NATIONAL-OILWELL VARCO INC --- UNSOLICITED,BUY,19,38.3299,-728.27
TRADES,06/02/2017,09/02/2017,HYG,ISHARES IBOXX $ HIGH YIELD --- CORPORATE BOND ETF --- UNSOLICITED --- PRODUCT DESCRIPTION UNDER --- SEPARATE COVER,SELL,-9,87.45,787.02
TRADES,06/02/2017,09/02/2017,TLT,ISHARES 20 PLUS YEAR TREASURY --- BOND ETF --- UNSOLICITED --- PRODUCT DESCRIPTION UNDER --- SEPARATE COVER,SELL,-5,119.31,596.52
TRADES,07/02/2017,10/02/2017,VMC,VULCAN MATERIALS CO --- (HOLDING CO) --- UNSOLICITED,SELL,-5,120.8096,604.02
TRADES,07/02/2017,10/02/2017,PXD,PIONEER NATURAL RESOURCES --- COMPANY --- UNSOLICITED,BUY,4,179.2499,-717
TRADES,07/02/2017,10/02/2017,ORLY,O REILLY AUTOMOTIVE INC --- UNSOLICITED,BUY,2,260.1499,-520.3
TRADES,07/02/2017,10/02/2017,NOV,NATIONAL-OILWELL VARCO INC --- UNSOLICITED,SELL,-5,40.095,200.46
TRADES,07/02/2017,10/02/2017,NOV,NATIONAL-OILWELL VARCO INC --- UNSOLICITED,SELL,-14,40.095,561.3
TRADES,07/02/2017,10/02/2017,HYG,ISHARES IBOXX $ HIGH YIELD --- CORPORATE BOND ETF --- UNSOLICITED --- PRODUCT DESCRIPTION UNDER --- SEPARATE COVER,SELL,-2,87.4107,174.8
TRADES,07/02/2017,10/02/2017,TLT,ISHARES 20 PLUS YEAR TREASURY --- BOND ETF --- UNSOLICITED --- PRODUCT DESCRIPTION UNDER --- SEPARATE COVER,BUY,1,120.0399,-120.04
TRADES,08/02/2017,13/02/2017,REGN,REGENERON PHARMACEUTICALS INC --- UNSOLICITED,BUY,1,353.1799,-353.18
TRADES,08/02/2017,13/02/2017,PXD,PIONEER NATURAL RESOURCES --- COMPANY --- UNSOLICITED,SELL,-4,181.3101,725.21
TRADES,08/02/2017,13/02/2017,OXY,OCCIDENTAL PETE CORP --- UNSOLICITED,BUY,10,66.96,-669.6
TRADES,08/02/2017,13/02/2017,ORLY,O REILLY AUTOMOTIVE INC --- UNSOLICITED,SELL,-2,273.0401,546.05
TRADES,08/02/2017,13/02/2017,LVLT,LEVEL 3 COMMUNICATIONS INC --- COM --- UNSOLICITED,BUY,12,57.3799,-688.56
TRADES,08/02/2017,13/02/2017,HYG,ISHARES IBOXX $ HIGH YIELD --- CORPORATE BOND ETF --- UNSOLICITED --- PRODUCT DESCRIPTION UNDER --- SEPARATE COVER,SELL,-29,87.27,2530.76
TRADES,08/02/2017,13/02/2017,TLT,ISHARES 20 PLUS YEAR TREASURY --- BOND ETF --- UNSOLICITED --- PRODUCT DESCRIPTION UNDER --- SEPARATE COVER,SELL,-7,121.5201,850.61
TRADES,08/02/2017,13/02/2017,CVS,CVS HEALTH CORPORATION --- UNSOLICITED,BUY,9,76.9686,-692.72
TRADES,08/02/2017,13/02/2017,COTY,COTY INC --- COM CL A --- UNSOLICITED,BUY,35,19.98,-699.3
TRADES,08/02/2017,13/02/2017,CLF,CLIFFS NATURAL RESOURCES INC --- UNSOLICITED,BUY,76,9.1499,-695.39
TRADES,08/02/2017,13/02/2017,CTL,CENTURYLINK INC --- UNSOLICITED,BUY,28,24.37,-682.36
TRADES,09/02/2017,14/02/2017,WYNN,WYNN RESORTS LTD --- UNSOLICITED,BUY,7,98.47,-689.29
TRADES,09/02/2017,14/02/2017,REGN,REGENERON PHARMACEUTICALS INC --- UNSOLICITED,SELL,-1,361.56,361.54
TRADES,09/02/2017,14/02/2017,CVS,CVS HEALTH CORPORATION --- UNSOLICITED,SELL,-9,75.92,683.25
TRADES,09/02/2017,14/02/2017,COTY,COTY INC --- COM CL A --- UNSOLICITED,SELL,-35,18.54,648.87
TRADES,09/02/2017,14/02/2017,CLF,CLIFFS NATURAL RESOURCES INC --- UNSOLICITED,SELL,-6,10.2201,61.3
TRADES,09/02/2017,14/02/2017,CTL,CENTURYLINK INC --- UNSOLICITED,SELL,-28,24.1101,675.05
TRADES,09/02/2017,14/02/2017,AIG,AMERICAN INTERNATIONAL GROUP --- INC --- UNSOLICITED,BUY,10,65.4299,-654.3
TRADES,09/02/2017,14/02/2017,ATVI,ACTIVISION BLIZZARD INC --- UNSOLICITED,BUY,12,39.5,-474
TRADES,09/02/2017,14/02/2017,ATVI,ACTIVISION BLIZZARD INC --- UNSOLICITED,BUY,5,39.17,-195.85
TRADES,09/02/2017,14/02/2017,NE,***NOBLE CORPORATION --- SHS USD --- UNSOLICITED,BUY,104,6.735,-700.44
TRADES,10/02/2017,15/02/2017,OXY,OCCIDENTAL PETE CORP --- UNSOLICITED,BUY,1,68.84,-68.84
TRADES,10/02/2017,15/02/2017,LVLT,LEVEL 3 COMMUNICATIONS INC --- COM --- UNSOLICITED,BUY,1,57.63,-57.63
TRADES,10/02/2017,15/02/2017,TLT,ISHARES 20 PLUS YEAR TREASURY --- BOND ETF --- UNSOLICITED --- PRODUCT DESCRIPTION UNDER --- SEPARATE COVER,BUY,1,120.5899,-120.59
TRADES,10/02/2017,15/02/2017,RSP,GUGGENHEIM S&P 500 EQUAL --- WEIGHT ETF --- UNSOLICITED --- PRODUCT DESCRIPTION UNDER --- SEPARATE COVER,BUY,4,89.6799,-358.72
TRADES,10/02/2017,15/02/2017,AIG,AMERICAN INTERNATIONAL GROUP --- INC --- UNSOLICITED,BUY,1,65.52,-65.52
TRADES,10/02/2017,15/02/2017,ATVI,ACTIVISION BLIZZARD INC --- UNSOLICITED,SELL,-17,46.0311,782.5
TRADES,10/02/2017,15/02/2017,NE,***NOBLE CORPORATION --- SHS USD --- UNSOLICITED,BUY,3,7.24,-21.72
TRADES,13/02/2017,16/02/2017,OXY,OCCIDENTAL PETE CORP --- UNSOLICITED,SELL,-1,67.2501,67.23
TRADES,13/02/2017,16/02/2017,NBL,NOBLE ENERGY INC --- UNSOLICITED,BUY,17,38.3684,-652.26
TRADES,13/02/2017,16/02/2017,LVLT,LEVEL 3 COMMUNICATIONS INC --- COM --- UNSOLICITED,SELL,-1,58.0924,58.07
TRADES,13/02/2017,16/02/2017,TLT,ISHARES 20 PLUS YEAR TREASURY --- BOND ETF --- UNSOLICITED --- PRODUCT DESCRIPTION UNDER --- SEPARATE COVER,SELL,-1,119.9601,119.94
TRADES,13/02/2017,16/02/2017,RSP,GUGGENHEIM S&P 500 EQUAL --- WEIGHT ETF --- UNSOLICITED --- PRODUCT DESCRIPTION UNDER --- SEPARATE COVER,SELL,-4,90.1701,360.66
TRADES,13/02/2017,16/02/2017,CLF,CLIFFS NATURAL RESOURCES INC --- UNSOLICITED,SELL,-15,12.045,180.66
TRADES,13/02/2017,16/02/2017,AIG,AMERICAN INTERNATIONAL GROUP --- INC --- UNSOLICITED,SELL,-1,66.0501,66.03
TRADES,13/02/2017,16/02/2017,NE,***NOBLE CORPORATION --- SHS USD --- UNSOLICITED,SELL,-18,7.475,134.53
TRADES,14/02/2017,17/02/2017,TRGP,TARGA RESOURCES CORP --- UNSOLICITED,BUY,12,59.6199,-715.44
TRADES,14/02/2017,17/02/2017,OXY,OCCIDENTAL PETE CORP --- UNSOLICITED,BUY,1,66.33,-66.33
TRADES,14/02/2017,17/02/2017,NBL,NOBLE ENERGY INC --- UNSOLICITED,SELL,-17,37.8701,643.76
TRADES,14/02/2017,17/02/2017,CLF,CLIFFS NATURAL RESOURCES INC --- UNSOLICITED,BUY,8,11.8999,-95.2
TRADES,14/02/2017,17/02/2017,AIG,AMERICAN INTERNATIONAL GROUP --- INC --- UNSOLICITED,BUY,1,66.7399,-66.74
TRADES,14/02/2017,17/02/2017,NE,***NOBLE CORPORATION --- SHS USD --- UNSOLICITED,BUY,9,7.5984,-68.39
TRADES,15/02/2017,21/02/2017,ZTS,ZOETIS INC --- CL A --- UNSOLICITED,BUY,8,54.46,-435.68
TRADES,15/02/2017,21/02/2017,WYNN,WYNN RESORTS LTD --- UNSOLICITED,SELL,-2,98.2019,196.38
TRADES,15/02/2017,21/02/2017,TRGP,TARGA RESOURCES CORP --- UNSOLICITED,SELL,-4,59.8701,239.46
TRADES,15/02/2017,21/02/2017,PCG,PG&E CORP --- UNSOLICITED,BUY,7,62.5799,-438.06
TRADES,15/02/2017,21/02/2017,OXY,OCCIDENTAL PETE CORP --- UNSOLICITED,SELL,-3,67.11,201.31
TRADES,15/02/2017,21/02/2017,LVLT,LEVEL 3 COMMUNICATIONS INC --- COM --- UNSOLICITED,SELL,-3,57.55,172.63
TRADES,15/02/2017,21/02/2017,DUK,DUKE ENERGY CORPORATION --- HOLDING COMPANY --- UNSOLICITED,BUY,6,76.5499,-459.3
TRADES,15/02/2017,21/02/2017,CLF,CLIFFS NATURAL RESOURCES INC --- UNSOLICITED,SELL,-23,11.93,274.37
TRADES,15/02/2017,21/02/2017,AMAT,APPLIED MATERIALS INC --- UNSOLICITED,BUY,13,35.4899,-461.37
TRADES,15/02/2017,21/02/2017,AIG,AMERICAN INTERNATIONAL GROUP --- INC --- UNSOLICITED,SELL,-11,62.22,684.39
TRADES,15/02/2017,21/02/2017,NE,***NOBLE CORPORATION --- SHS USD --- UNSOLICITED,SELL,-34,7.4601,253.62
TRADES,16/02/2017,22/02/2017,ZTS,ZOETIS INC --- CL A --- UNSOLICITED,SELL,-8,53.1701,425.34
TRADES,16/02/2017,22/02/2017,WYNN,WYNN RESORTS LTD --- UNSOLICITED,BUY,2,98.7899,-197.58
TRADES,16/02/2017,22/02/2017,TRGP,TARGA RESOURCES CORP --- UNSOLICITED,BUY,5,59.0999,-295.5
TRADES,16/02/2017,22/02/2017,PCG,PG&E CORP --- UNSOLICITED,BUY,5,63.23,-316.15
TRADES,16/02/2017,22/02/2017,OXY,OCCIDENTAL PETE CORP --- UNSOLICITED,SELL,-8,67.0353,536.25
TRADES,16/02/2017,22/02/2017,LVLT,LEVEL 3 COMMUNICATIONS INC --- COM --- UNSOLICITED,SELL,-9,57.34,516.03
TRADES,16/02/2017,22/02/2017,TLT,ISHARES 20 PLUS YEAR TREASURY --- BOND ETF --- UNSOLICITED --- PRODUCT DESCRIPTION UNDER --- SEPARATE COVER,BUY,2,119.66,-239.32
TRADES,16/02/2017,22/02/2017,RSP,GUGGENHEIM S&P 500 EQUAL --- WEIGHT ETF --- UNSOLICITED --- PRODUCT DESCRIPTION UNDER --- SEPARATE COVER,BUY,19,90.79,-1725.01
TRADES,16/02/2017,22/02/2017,DUK,DUKE ENERGY CORPORATION --- HOLDING COMPANY --- UNSOLICITED,SELL,-6,78.3728,470.21
TRADES,16/02/2017,22/02/2017,CLF,CLIFFS NATURAL RESOURCES INC --- UNSOLICITED,SELL,-40,11.8015,472.03
TRADES,16/02/2017,22/02/2017,AMAT,APPLIED MATERIALS INC --- UNSOLICITED,SELL,-13,35.4917,461.36
TRADES,16/02/2017,22/02/2017,NE,***NOBLE CORPORATION --- SHS USD --- UNSOLICITED,BUY,43,7.2084,-309.96
TRADES,17/02/2017,23/02/2017,WYNN,WYNN RESORTS LTD --- UNSOLICITED,SELL,-7,95.9301,671.48
TRADES,17/02/2017,23/02/2017,TLT,ISHARES 20 PLUS YEAR TREASURY --- BOND ETF --- UNSOLICITED --- PRODUCT DESCRIPTION UNDER --- SEPARATE COVER,BUY,6,120.4,-722.4
TRADES,17/02/2017,23/02/2017,RSP,GUGGENHEIM S&P 500 EQUAL --- WEIGHT ETF --- UNSOLICITED --- PRODUCT DESCRIPTION UNDER --- SEPARATE COVER,BUY,10,90.6199,-906.2
TRADES,17/02/2017,23/02/2017,NE,***NOBLE CORPORATION --- SHS USD --- UNSOLICITED,SELL,-107,7.1719,767.36
TRADES,21/02/2017,24/02/2017,WLL,WHITING PETROLEUM CORPORATION --- UNSOLICITED,BUY,67,11.545,-773.52
TRADES,21/02/2017,24/02/2017,TOL,TOLL BROTHERS INC --- UNSOLICITED,BUY,24,31.6499,-759.6
TRADES,21/02/2017,24/02/2017,SO,SOUTHERN CO --- UNSOLICITED,BUY,16,48,-768
TRADES,21/02/2017,24/02/2017,TLT,ISHARES 20 PLUS YEAR TREASURY --- BOND ETF --- UNSOLICITED --- PRODUCT DESCRIPTION UNDER --- SEPARATE COVER,SELL,-1,120.05,120.03
TRADES,21/02/2017,24/02/2017,TLT,ISHARES 20 PLUS YEAR TREASURY --- BOND ETF --- UNSOLICITED --- PRODUCT DESCRIPTION UNDER --- SEPARATE COVER,SELL,-6,120.0507,720.27
TRADES,21/02/2017,24/02/2017,RSP,GUGGENHEIM S&P 500 EQUAL --- WEIGHT ETF --- UNSOLICITED --- PRODUCT DESCRIPTION UNDER --- SEPARATE COVER,SELL,-24,91.4709,2195.24
TRADES,21/02/2017,24/02/2017,CXO,CONCHO RESOURCES INC --- UNSOLICITED,BUY,5,141.56,-707.8
TRADES,22/02/2017,27/02/2017,TRGP,TARGA RESOURCES CORP --- UNSOLICITED,SELL,-13,57.615,748.97
TRADES,22/02/2017,27/02/2017,SO,SOUTHERN CO --- UNSOLICITED,SELL,-16,48.6701,778.69
TRADES,23/02/2017,28/02/2017,WLL,WHITING PETROLEUM CORPORATION --- UNSOLICITED,SELL,-67,11.055,740.66
TRADES,23/02/2017,28/02/2017,TOL,TOLL BROTHERS INC --- UNSOLICITED,SELL,-1,33.915,33.9
TRADES,23/02/2017,28/02/2017,SPLK,SPLUNK INC --- COM --- UNSOLICITED,BUY,12,64.34,-772.08
TRADES,23/02/2017,28/02/2017,PE,PARSLEY ENERGY INC --- CL A --- UNSOLICITED,BUY,25,30.2499,-756.25
TRADES,23/02/2017,28/02/2017,JCP,J C PENNEY CO INC --- UNSOLICITED,BUY,112,6.925,-775.6
TRADES,23/02/2017,28/02/2017,HYG,ISHARES IBOXX $ HIGH YIELD --- CORPORATE BOND ETF --- UNSOLICITED --- PRODUCT DESCRIPTION UNDER --- SEPARATE COVER,BUY,5,88.2199,-441.1
TRADES,23/02/2017,28/02/2017,RSP,GUGGENHEIM S&P 500 EQUAL --- WEIGHT ETF --- UNSOLICITED --- PRODUCT DESCRIPTION UNDER --- SEPARATE COVER,SELL,-4,91.2,364.78
TRADES,23/02/2017,28/02/2017,CXO,CONCHO RESOURCES INC --- UNSOLICITED,SELL,-5,134.0867,670.4
TRADES,23/02/2017,28/02/2017,COG,CABOT OIL & GAS CORP --- UNSOLICITED,BUY,34,22.7183,-772.42
TRADES,24/02/2017,01/03/2017,SPLK,SPLUNK INC --- COM --- UNSOLICITED,SELL,-12,62.13,745.53
TRADES,24/02/2017,01/03/2017,PCG,PG&E CORP --- UNSOLICITED,SELL,-12,66.16,793.89
TRADES,24/02/2017,01/03/2017,PE,PARSLEY ENERGY INC --- CL A --- UNSOLICITED,SELL,-25,29.57,739.22
TRADES,24/02/2017,01/03/2017,JCP,J C PENNEY CO INC --- UNSOLICITED,SELL,-112,6.2201,696.62
TRADES,24/02/2017,01/03/2017,HYG,ISHARES IBOXX $ HIGH YIELD --- CORPORATE BOND ETF --- UNSOLICITED --- PRODUCT DESCRIPTION UNDER --- SEPARATE COVER,BUY,18,88.11,-1585.98
TRADES,24/02/2017,01/03/2017,TLT,ISHARES 20 PLUS YEAR TREASURY --- BOND ETF --- UNSOLICITED --- PRODUCT DESCRIPTION UNDER --- SEPARATE COVER,BUY,10,121.62,-1216.2
TRADES,24/02/2017,01/03/2017,RSP,GUGGENHEIM S&P 500 EQUAL --- WEIGHT ETF --- UNSOLICITED --- PRODUCT DESCRIPTION UNDER --- SEPARATE COVER,BUY,8,90.9399,-727.52
TRADES,24/02/2017,01/03/2017,COG,CABOT OIL & GAS CORP --- UNSOLICITED,SELL,-34,23.0001,781.97
TRADES,27/02/2017,02/03/2017,HYG,ISHARES IBOXX $ HIGH YIELD --- CORPORATE BOND ETF --- UNSOLICITED --- PRODUCT DESCRIPTION UNDER --- SEPARATE COVER,BUY,2,88.28,-176.56
TRADES,27/02/2017,02/03/2017,TLT,ISHARES 20 PLUS YEAR TREASURY --- BOND ETF --- UNSOLICITED --- PRODUCT DESCRIPTION UNDER --- SEPARATE COVER,SELL,-6,121.6801,730.05
TRADES,27/02/2017,02/03/2017,IONS,IONIS PHARMACEUTICALS INC --- COM --- UNSOLICITED,BUY,17,44.5499,-757.35
TRADES,27/02/2017,02/03/2017,RSP,GUGGENHEIM S&P 500 EQUAL --- WEIGHT ETF --- UNSOLICITED --- PRODUCT DESCRIPTION UNDER --- SEPARATE COVER,SELL,-9,91.58,824.19
TRADES,27/02/2017,02/03/2017,EOG,EOG RES INC --- UNSOLICITED,BUY,7,97.4387,-682.07
MONEY_MOVEMENTS,28/02/2017,28/02/2017,WYNN,WYNN RESORTS LTD --- SUBST PAY ON       7 SHS --- REC 02/14/17 PAY 02/28/17 --- IN LIEU OF DIVIDEND,,,0,3.5
TRADES,28/02/2017,03/03/2017,HYG,ISHARES IBOXX $ HIGH YIELD --- CORPORATE BOND ETF --- UNSOLICITED --- PRODUCT DESCRIPTION UNDER --- SEPARATE COVER,BUY,2,88.3099,-176.62
TRADES,28/02/2017,03/03/2017,TLT,ISHARES 20 PLUS YEAR TREASURY --- BOND ETF --- UNSOLICITED --- PRODUCT DESCRIPTION UNDER --- SEPARATE COVER,SELL,-1,121.72,121.7
TRADES,28/02/2017,03/03/2017,EOG,EOG RES INC --- UNSOLICITED,SELL,-7,97.2301,680.58
TRADES,28/02/2017,03/03/2017,ACAD,ACADIA PHARMACEUTICALS INC --- UNSOLICITED,BUY,19,38.88,-738.72
MONEY_MOVEMENTS,01/03/2017,01/03/2017,,XFER MARGIN TO CASH,,,0,-10
MONEY_MOVEMENTS,01/03/2017,01/03/2017,,XFER CASH TO MARGIN,,,0,10
TRADES,01/03/2017,06/03/2017,TOL,TOLL BROTHERS INC --- UNSOLICITED,SELL,-23,34.9501,803.82
TRADES,01/03/2017,06/03/2017,MNST,MONSTER BEVERAGE CORPORATION --- NEW --- UNSOLICITED,BUY,18,42.08,-757.44
TRADES,01/03/2017,06/03/2017,KR,KROGER CO (THE) --- UNSOLICITED,BUY,24,32.03,-768.72
TRADES,01/03/2017,06/03/2017,TLT,ISHARES 20 PLUS YEAR TREASURY --- BOND ETF --- UNSOLICITED --- PRODUCT DESCRIPTION UNDER --- SEPARATE COVER,SELL,-4,119.0701,476.25
TRADES,01/03/2017,06/03/2017,IONS,IONIS PHARMACEUTICALS INC --- COM --- UNSOLICITED,SELL,-1,49.47,49.45
TRADES,01/03/2017,06/03/2017,RSP,GUGGENHEIM S&P 500 EQUAL --- WEIGHT ETF --- UNSOLICITED --- PRODUCT DESCRIPTION UNDER --- SEPARATE COVER,BUY,3,92.1399,-276.42
MONEY_MOVEMENTS,01/03/2017,01/03/2017,,GOLD FEE --- 904,,,0,-10
TRADES,01/03/2017,06/03/2017,ACAD,ACADIA PHARMACEUTICALS INC --- UNSOLICITED,SELL,-19,37.5101,712.66
TRADES,02/03/2017,07/03/2017,MNST,MONSTER BEVERAGE CORPORATION --- NEW --- UNSOLICITED,SELL,-1,48.4801,48.46
TRADES,02/03/2017,07/03/2017,KR,KROGER CO (THE) --- UNSOLICITED,SELL,-24,30.8301,739.89
TRADES,02/03/2017,07/03/2017,HYG,ISHARES IBOXX $ HIGH YIELD --- CORPORATE BOND ETF --- UNSOLICITED --- PRODUCT DESCRIPTION UNDER --- SEPARATE COVER,BUY,12,88.11,-1057.32
TRADES,02/03/2017,07/03/2017,TLT,ISHARES 20 PLUS YEAR TREASURY --- BOND ETF --- UNSOLICITED --- PRODUCT DESCRIPTION UNDER --- SEPARATE COVER,BUY,1,118.8799,-118.88
TRADES,02/03/2017,07/03/2017,RSP,GUGGENHEIM S&P 500 EQUAL --- WEIGHT ETF --- UNSOLICITED --- PRODUCT DESCRIPTION UNDER --- SEPARATE COVER,SELL,-3,92.06,276.16
TRADES,03/03/2017,08/03/2017,HYG,ISHARES IBOXX $ HIGH YIELD --- CORPORATE BOND ETF --- UNSOLICITED --- PRODUCT DESCRIPTION UNDER --- SEPARATE COVER,BUY,3,87.9099,-263.73
TRADES,03/03/2017,08/03/2017,TLT,ISHARES 20 PLUS YEAR TREASURY --- BOND ETF --- UNSOLICITED --- PRODUCT DESCRIPTION UNDER --- SEPARATE COVER,SELL,-1,118.8301,118.81
TRADES,03/03/2017,08/03/2017,IONS,IONIS PHARMACEUTICALS INC --- COM --- UNSOLICITED,SELL,-1,55.6901,55.67
TRADES,06/03/2017,09/03/2017,HYG,ISHARES IBOXX $ HIGH YIELD --- CORPORATE BOND ETF --- UNSOLICITED --- PRODUCT DESCRIPTION UNDER --- SEPARATE COVER,SELL,-28,87.7401,2456.65
TRADES,06/03/2017,09/03/2017,RSP,GUGGENHEIM S&P 500 EQUAL --- WEIGHT ETF --- UNSOLICITED --- PRODUCT DESCRIPTION UNDER --- SEPARATE COVER,BUY,13,91.1599,-1185.08
TRADES,07/03/2017,10/03/2017,HYG,ISHARES IBOXX $ HIGH YIELD --- CORPORATE BOND ETF --- UNSOLICITED --- PRODUCT DESCRIPTION UNDER --- SEPARATE COVER,BUY,1,87.435,-87.44
TRADES,07/03/2017,10/03/2017,HYG,ISHARES IBOXX $ HIGH YIELD --- CORPORATE BOND ETF --- UNSOLICITED --- PRODUCT DESCRIPTION UNDER --- SEPARATE COVER,BUY,1,87.435,-87.44
MONEY_MOVEMENTS,07/03/2017,07/03/2017,HYG,ISHARES IBOXX $ HIGH YIELD --- CORPORATE BOND ETF --- CASH DIV  ON      27 SHS --- REC 03/03/17 PAY 03/07/17 --- NON-QUALIFIED DIVIDEND,,,0,10.37
TRADES,07/03/2017,10/03/2017,TLT,ISHARES 20 PLUS YEAR TREASURY --- BOND ETF --- UNSOLICITED --- PRODUCT DESCRIPTION UNDER --- SEPARATE COVER,BUY,2,118.26,-236.52
TRADES,07/03/2017,10/03/2017,TLT,ISHARES 20 PLUS YEAR TREASURY --- BOND ETF --- UNSOLICITED --- PRODUCT DESCRIPTION UNDER --- SEPARATE COVER,BUY,2,118.68,-237.36
TRADES,07/03/2017,10/03/2017,TLT,ISHARES 20 PLUS YEAR TREASURY --- BOND ETF --- UNSOLICITED --- PRODUCT DESCRIPTION UNDER --- SEPARATE COVER,BUY,8,118.68,-949.44
MONEY_MOVEMENTS,07/03/2017,07/03/2017,TLT,ISHARES 20 PLUS YEAR TREASURY --- BOND ETF --- CASH DIV  ON       4 SHS --- REC 03/03/17 PAY 03/07/17 --- NON-QUALIFIED DIVIDEND,,,0,0.94
TRADES,07/03/2017,10/03/2017,IONS,IONIS PHARMACEUTICALS INC --- COM --- UNSOLICITED,SELL,-15,48.7601,731.37
TRADES,07/03/2017,10/03/2017,RSP,GUGGENHEIM S&P 500 EQUAL --- WEIGHT ETF --- UNSOLICITED --- PRODUCT DESCRIPTION UNDER --- SEPARATE COVER,BUY,3,91.13,-273.39
TRADES,09/03/2017,14/03/2017,MNST,MONSTER BEVERAGE CORPORATION --- NEW --- UNSOLICITED,SELL,-17,46.94,797.95
TRADES,09/03/2017,14/03/2017,HYG,ISHARES IBOXX $ HIGH YIELD --- CORPORATE BOND ETF --- UNSOLICITED --- PRODUCT DESCRIPTION UNDER --- SEPARATE COVER,BUY,3,86.5799,-259.74
TRADES,09/03/2017,14/03/2017,TLT,ISHARES 20 PLUS YEAR TREASURY --- BOND ETF --- UNSOLICITED --- PRODUCT DESCRIPTION UNDER --- SEPARATE COVER,BUY,2,117.12,-234.24
TRADES,09/03/2017,14/03/2017,RSP,GUGGENHEIM S&P 500 EQUAL --- WEIGHT ETF --- UNSOLICITED --- PRODUCT DESCRIPTION UNDER --- SEPARATE COVER,BUY,2,90.71,-181.42
TRADES,10/03/2017,15/03/2017,HYG,ISHARES IBOXX $ HIGH YIELD --- CORPORATE BOND ETF --- UNSOLICITED --- PRODUCT DESCRIPTION UNDER --- SEPARATE COVER,BUY,7,86.61,-606.27
TRADES,10/03/2017,15/03/2017,TLT,ISHARES 20 PLUS YEAR TREASURY --- BOND ETF --- UNSOLICITED --- PRODUCT DESCRIPTION UNDER --- SEPARATE COVER,BUY,5,116.98,-584.9
TRADES,10/03/2017,15/03/2017,RSP,GUGGENHEIM S&P 500 EQUAL --- WEIGHT ETF --- UNSOLICITED --- PRODUCT DESCRIPTION UNDER --- SEPARATE COVER,BUY,6,90.97,-545.82
MONEY_MOVEMENTS,10/03/2017,10/03/2017,,ACH DEPOSIT --- SEN(2017030947324),,,0,1611.56
TRADES,15/03/2017,20/03/2017,HYG,ISHARES IBOXX $ HIGH YIELD --- CORPORATE BOND ETF --- UNSOLICITED --- PRODUCT DESCRIPTION UNDER --- SEPARATE COVER,SELL,-26,86.4801,2248.42
TRADES,15/03/2017,20/03/2017,TLT,ISHARES 20 PLUS YEAR TREASURY --- BOND ETF --- UNSOLICITED --- PRODUCT DESCRIPTION UNDER --- SEPARATE COVER,SELL,-19,117.5601,2233.58
TRADES,15/03/2017,20/03/2017,RSP,GUGGENHEIM S&P 500 EQUAL --- WEIGHT ETF --- UNSOLICITED --- PRODUCT DESCRIPTION UNDER --- SEPARATE COVER,BUY,50,91.09,-4554.5
TRADES,17/03/2017,22/03/2017,HYG,ISHARES IBOXX $ HIGH YIELD --- CORPORATE BOND ETF --- UNSOLICITED --- PRODUCT DESCRIPTION UNDER --- SEPARATE COVER,BUY,56,87.21,-4883.76
TRADES,17/03/2017,22/03/2017,TLT,ISHARES 20 PLUS YEAR TREASURY --- BOND ETF --- UNSOLICITED --- PRODUCT DESCRIPTION UNDER --- SEPARATE COVER,BUY,15,118.4199,-1776.3
TRADES,17/03/2017,22/03/2017,RSP,GUGGENHEIM S&P 500 EQUAL --- WEIGHT ETF --- UNSOLICITED --- PRODUCT DESCRIPTION UNDER --- SEPARATE COVER,SELL,-74,91.1401,6744.21
TRADES,20/03/2017,23/03/2017,HYG,ISHARES IBOXX $ HIGH YIELD --- CORPORATE BOND ETF --- UNSOLICITED --- PRODUCT DESCRIPTION UNDER --- SEPARATE COVER,SELL,-56,86.9901,4871.33
TRADES,20/03/2017,23/03/2017,TLT,ISHARES 20 PLUS YEAR TREASURY --- BOND ETF --- UNSOLICITED --- PRODUCT DESCRIPTION UNDER --- SEPARATE COVER,BUY,42,118.63,-4982.46
TRADES,23/03/2017,28/03/2017,TLT,ISHARES 20 PLUS YEAR TREASURY --- BOND ETF --- UNSOLICITED --- PRODUCT DESCRIPTION UNDER --- SEPARATE COVER,SELL,-12,120.5901,1447.03
TRADES,23/03/2017,28/03/2017,RSP,GUGGENHEIM S&P 500 EQUAL --- WEIGHT ETF --- UNSOLICITED --- PRODUCT DESCRIPTION UNDER --- SEPARATE COVER,BUY,16,89.95,-1439.2
TRADES,24/03/2017,29/03/2017,HYG,ISHARES IBOXX $ HIGH YIELD --- CORPORATE BOND ETF --- UNSOLICITED --- PRODUCT DESCRIPTION UNDER --- SEPARATE COVER,BUY,26,86.79,-2256.54
TRADES,24/03/2017,29/03/2017,TLT,ISHARES 20 PLUS YEAR TREASURY --- BOND ETF --- UNSOLICITED --- PRODUCT DESCRIPTION UNDER --- SEPARATE COVER,SELL,-7,120.6401,844.45
TRADES,24/03/2017,29/03/2017,RSP,GUGGENHEIM S&P 500 EQUAL --- WEIGHT ETF --- UNSOLICITED --- PRODUCT DESCRIPTION UNDER --- SEPARATE COVER,SELL,-16,90.1001,1441.55
TRADES,27/03/2017,30/03/2017,HYG,ISHARES IBOXX $ HIGH YIELD --- CORPORATE BOND ETF --- UNSOLICITED --- PRODUCT DESCRIPTION UNDER --- SEPARATE COVER,SELL,-4,86.5501,346.18
TRADES,27/03/2017,30/03/2017,TLT,ISHARES 20 PLUS YEAR TREASURY --- BOND ETF --- UNSOLICITED --- PRODUCT DESCRIPTION UNDER --- SEPARATE COVER,BUY,3,121.5699,-364.71
TRADES,28/03/2017,31/03/2017,TLT,ISHARES 20 PLUS YEAR TREASURY --- BOND ETF --- UNSOLICITED --- PRODUCT DESCRIPTION UNDER --- SEPARATE COVER,SELL,-11,121.5601,1337.12
TRADES,28/03/2017,31/03/2017,RSP,GUGGENHEIM S&P 500 EQUAL --- WEIGHT ETF --- UNSOLICITED --- PRODUCT DESCRIPTION UNDER --- SEPARATE COVER,BUY,16,89.7799,-1436.48
TRADES,29/03/2017,03/04/2017,HYG,ISHARES IBOXX $ HIGH YIELD --- CORPORATE BOND ETF --- UNSOLICITED --- PRODUCT DESCRIPTION UNDER --- SEPARATE COVER,SELL,-13,87.4001,1136.16
TRADES,29/03/2017,03/04/2017,TLT,ISHARES 20 PLUS YEAR TREASURY --- BOND ETF --- UNSOLICITED --- PRODUCT DESCRIPTION UNDER --- SEPARATE COVER,SELL,-5,121.0301,605.12
TRADES,29/03/2017,03/04/2017,RSP,GUGGENHEIM S&P 500 EQUAL --- WEIGHT ETF --- UNSOLICITED --- PRODUCT DESCRIPTION UNDER --- SEPARATE COVER,BUY,20,90.53,-1810.6
TRADES,30/03/2017,04/04/2017,HYG,ISHARES IBOXX $ HIGH YIELD --- CORPORATE BOND ETF --- UNSOLICITED --- PRODUCT DESCRIPTION UNDER --- SEPARATE COVER,BUY,17,87.595,-1489.12
TRADES,30/03/2017,04/04/2017,HYG,ISHARES IBOXX $ HIGH YIELD --- CORPORATE BOND ETF --- UNSOLICITED --- PRODUCT DESCRIPTION UNDER --- SEPARATE COVER,BUY,34,87.595,-2978.23
TRADES,30/03/2017,04/04/2017,TLT,ISHARES 20 PLUS YEAR TREASURY --- BOND ETF --- UNSOLICITED --- PRODUCT DESCRIPTION UNDER --- SEPARATE COVER,SELL,-11,120.82,1328.98
TRADES,30/03/2017,04/04/2017,RSP,GUGGENHEIM S&P 500 EQUAL --- WEIGHT ETF --- UNSOLICITED --- PRODUCT DESCRIPTION UNDER --- SEPARATE COVER,SELL,-36,90.7501,3266.91
MONEY_MOVEMENTS,31/03/2017,31/03/2017,,XFER MARGIN TO CASH,,,0,-10
MONEY_MOVEMENTS,31/03/2017,31/03/2017,,XFER CASH TO MARGIN,,,0,10
MONEY_MOVEMENTS,31/03/2017,31/03/2017,RSP,GUGGENHEIM S&P 500 EQUAL --- WEIGHT ETF --- SUBST PAY ON      26 SHS --- REC 03/21/17 PAY 03/31/17 --- IN LIEU OF DIVIDEND,,,0,9.1
MONEY_MOVEMENTS,31/03/2017,31/03/2017,RSP,GUGGENHEIM S&P 500 EQUAL --- WEIGHT ETF --- CASH DIV  ON      48 SHS --- REC 03/21/17 PAY 03/31/17 --- NON-QUALIFIED DIVIDEND,,,0,16.8
MONEY_MOVEMENTS,31/03/2017,31/03/2017,,GOLD FEE --- 498,,,0,-10
TRADES,03/04/2017,06/04/2017,HYG,ISHARES IBOXX $ HIGH YIELD --- CORPORATE BOND ETF --- UNSOLICITED --- PRODUCT DESCRIPTION UNDER --- SEPARATE COVER,SELL,-7,87.4301,611.98
TRADES,03/04/2017,06/04/2017,HYG,ISHARES IBOXX $ HIGH YIELD --- CORPORATE BOND ETF --- UNSOLICITED --- PRODUCT DESCRIPTION UNDER --- SEPARATE COVER,SELL,-7,87.4301,611.98
TRADES,03/04/2017,06/04/2017,HYG,ISHARES IBOXX $ HIGH YIELD --- CORPORATE BOND ETF --- UNSOLICITED --- PRODUCT DESCRIPTION UNDER --- SEPARATE COVER,SELL,-13,87.4301,1136.55
TRADES,03/04/2017,06/04/2017,HYG,ISHARES IBOXX $ HIGH YIELD --- CORPORATE BOND ETF --- UNSOLICITED --- PRODUCT DESCRIPTION UNDER --- SEPARATE COVER,SELL,-14,87.4301,1223.98
TRADES,03/04/2017,06/04/2017,RSP,GUGGENHEIM S&P 500 EQUAL --- WEIGHT ETF --- UNSOLICITED --- PRODUCT DESCRIPTION UNDER --- SEPARATE COVER,BUY,40,90.26,-3610.4
TRADES,04/04/2017,07/04/2017,HYG,ISHARES IBOXX $ HIGH YIELD --- CORPORATE BOND ETF --- UNSOLICITED --- PRODUCT DESCRIPTION UNDER --- SEPARATE COVER,BUY,43,87.3499,-3756.05
TRADES,04/04/2017,07/04/2017,TLT,ISHARES 20 PLUS YEAR TREASURY --- BOND ETF --- UNSOLICITED --- PRODUCT DESCRIPTION UNDER --- SEPARATE COVER,SELL,-1,121.3801,121.36
TRADES,04/04/2017,07/04/2017,RSP,GUGGENHEIM S&P 500 EQUAL --- WEIGHT ETF --- UNSOLICITED --- PRODUCT DESCRIPTION UNDER --- SEPARATE COVER,SELL,-40,90.1201,3604.71
TRADES,05/04/2017,10/04/2017,HYG,ISHARES IBOXX $ HIGH YIELD --- CORPORATE BOND ETF --- UNSOLICITED --- PRODUCT DESCRIPTION UNDER --- SEPARATE COVER,SELL,-15,87.6001,1313.96
TRADES,05/04/2017,10/04/2017,TLT,ISHARES 20 PLUS YEAR TREASURY --- BOND ETF --- UNSOLICITED --- PRODUCT DESCRIPTION UNDER --- SEPARATE COVER,SELL,-6,120.83,724.95
TRADES,05/04/2017,10/04/2017,KMX,CARMAX INC --- UNSOLICITED,BUY,18,57.7,-1038.6
TRADES,05/04/2017,10/04/2017,BBBY,BED BATH & BEYOND INC --- UNSOLICITED,SELL,-26,38.1801,992.64
TRADES,05/04/2017,10/04/2017,BBBY,BED BATH & BEYOND INC --- UNSOLICITED,BUY,26,39.3199,-1022.32
TRADES,06/04/2017,11/04/2017,HYG,ISHARES IBOXX $ HIGH YIELD --- CORPORATE BOND ETF --- UNSOLICITED --- PRODUCT DESCRIPTION UNDER --- SEPARATE COVER,BUY,3,87.43,-262.29
TRADES,06/04/2017,11/04/2017,HYG,ISHARES IBOXX $ HIGH YIELD --- CORPORATE BOND ETF --- UNSOLICITED --- PRODUCT DESCRIPTION UNDER --- SEPARATE COVER,BUY,12,87.43,-1049.16
TRADES,06/04/2017,11/04/2017,TLT,ISHARES 20 PLUS YEAR TREASURY --- BOND ETF --- UNSOLICITED --- PRODUCT DESCRIPTION UNDER --- SEPARATE COVER,BUY,4,120.84,-483.36
TRADES,06/04/2017,11/04/2017,KMX,CARMAX INC --- UNSOLICITED,SELL,-18,56.25,1012.46
TRADES,07/04/2017,12/04/2017,HYG,ISHARES IBOXX $ HIGH YIELD --- CORPORATE BOND ETF --- UNSOLICITED --- PRODUCT DESCRIPTION UNDER --- SEPARATE COVER,BUY,2,87.53,-175.06
MONEY_MOVEMENTS,07/04/2017,07/04/2017,HYG,ISHARES IBOXX $ HIGH YIELD --- CORPORATE BOND ETF --- CASH DIV  ON      60 SHS --- REC 04/05/17 PAY 04/07/17 --- NON-QUALIFIED DIVIDEND,,,0,22.35
MONEY_MOVEMENTS,07/04/2017,07/04/2017,TLT,ISHARES 20 PLUS YEAR TREASURY --- BOND ETF --- CASH DIV  ON      14 SHS --- REC 04/05/17 PAY 04/07/17 --- NON-QUALIFIED DIVIDEND,,,0,3.56
TRADES,10/04/2017,13/04/2017,HYG,ISHARES IBOXX $ HIGH YIELD --- CORPORATE BOND ETF --- UNSOLICITED --- PRODUCT DESCRIPTION UNDER --- SEPARATE COVER,BUY,15,87.5799,-1313.7
TRADES,10/04/2017,13/04/2017,TLT,ISHARES 20 PLUS YEAR TREASURY --- BOND ETF --- UNSOLICITED --- PRODUCT DESCRIPTION UNDER --- SEPARATE COVER,SELL,-3,121.2901,363.85
TRADES,10/04/2017,13/04/2017,TLT,ISHARES 20 PLUS YEAR TREASURY --- BOND ETF --- UNSOLICITED --- PRODUCT DESCRIPTION UNDER --- SEPARATE COVER,SELL,-8,121.2901,970.28
TRADES,11/04/2017,17/04/2017,HYG,ISHARES IBOXX $ HIGH YIELD --- CORPORATE BOND ETF --- UNSOLICITED --- PRODUCT DESCRIPTION UNDER --- SEPARATE COVER,SELL,-79,87.35,6900.48
TRADES,11/04/2017,17/04/2017,TLT,ISHARES 20 PLUS YEAR TREASURY --- BOND ETF --- UNSOLICITED --- PRODUCT DESCRIPTION UNDER --- SEPARATE COVER,BUY,40,122.15,-4886
TRADES,11/04/2017,17/04/2017,RSP,GUGGENHEIM S&P 500 EQUAL --- WEIGHT ETF --- UNSOLICITED --- PRODUCT DESCRIPTION UNDER --- SEPARATE COVER,BUY,22,90.29,-1986.38
TRADES,12/04/2017,18/04/2017,WFC,WELLS FARGO & CO --- UNSOLICITED,BUY,19,53.57,-1017.83
TRADES,12/04/2017,18/04/2017,HYG,ISHARES IBOXX $ HIGH YIELD --- CORPORATE BOND ETF --- UNSOLICITED --- PRODUCT DESCRIPTION UNDER --- SEPARATE COVER,BUY,28,87.39,-2446.92
TRADES,12/04/2017,18/04/2017,TLT,ISHARES 20 PLUS YEAR TREASURY --- BOND ETF --- UNSOLICITED --- PRODUCT DESCRIPTION UNDER --- SEPARATE COVER,SELL,-27,122.6,3310.11
TRADES,12/04/2017,18/04/2017,RSP,GUGGENHEIM S&P 500 EQUAL --- WEIGHT ETF --- UNSOLICITED --- PRODUCT DESCRIPTION UNDER --- SEPARATE COVER,SELL,-13,90.5001,1176.46
TRADES,12/04/2017,18/04/2017,C,CITIGROUP INC --- COM --- UNSOLICITED,BUY,17,58.7,-997.9
TRADES,13/04/2017,19/04/2017,WFC,WELLS FARGO & CO --- UNSOLICITED,SELL,-19,52.5001,997.46
TRADES,13/04/2017,19/04/2017,HYG,ISHARES IBOXX $ HIGH YIELD --- CORPORATE BOND ETF --- UNSOLICITED --- PRODUCT DESCRIPTION UNDER --- SEPARATE COVER,SELL,-12,87.4101,1048.88
TRADES,13/04/2017,19/04/2017,TLT,ISHARES 20 PLUS YEAR TREASURY --- BOND ETF --- UNSOLICITED --- PRODUCT DESCRIPTION UNDER --- SEPARATE COVER,BUY,32,123.08,-3938.56
TRADES,13/04/2017,19/04/2017,RSP,GUGGENHEIM S&P 500 EQUAL --- WEIGHT ETF --- UNSOLICITED --- PRODUCT DESCRIPTION UNDER --- SEPARATE COVER,SELL,-9,90.0701,810.6
TRADES,13/04/2017,19/04/2017,C,CITIGROUP INC --- COM --- UNSOLICITED,SELL,-17,59.3901,1009.59
TRADES,17/04/2017,20/04/2017,GWW,W W GRAINGER INC --- UNSOLICITED,BUY,4,223.03,-892.12
TRADES,17/04/2017,20/04/2017,RF,REGIONS FINANCIAL CORP --- UNSOLICITED,BUY,76,13.69,-1040.44
TRADES,17/04/2017,20/04/2017,TLT,ISHARES 20 PLUS YEAR TREASURY --- BOND ETF --- UNSOLICITED --- PRODUCT DESCRIPTION UNDER --- SEPARATE COVER,SELL,-34,123.4001,4195.49
TRADES,17/04/2017,20/04/2017,HOG,HARLEY DAVIDSON INC --- UNSOLICITED,BUY,17,59.97,-1019.49
TRADES,17/04/2017,20/04/2017,SCHW,CHARLES SCHWAB CORP NEW --- UNSOLICITED,BUY,27,37.78,-1020.06
TRADES,18/04/2017,21/04/2017,GWW,W W GRAINGER INC --- UNSOLICITED,SELL,-4,207.31,829.21
TRADES,18/04/2017,21/04/2017,RF,REGIONS FINANCIAL CORP --- UNSOLICITED,SELL,-10,13.4701,134.68
TRADES,18/04/2017,21/04/2017,RF,REGIONS FINANCIAL CORP --- UNSOLICITED,SELL,-11,13.4701,148.15
TRADES,18/04/2017,21/04/2017,RF,REGIONS FINANCIAL CORP --- UNSOLICITED,SELL,-11,13.4701,148.15
TRADES,18/04/2017,21/04/2017,RF,REGIONS FINANCIAL CORP --- UNSOLICITED,SELL,-12,13.4701,161.62
TRADES,18/04/2017,21/04/2017,RF,REGIONS FINANCIAL CORP --- UNSOLICITED,SELL,-16,13.4701,215.5
TRADES,18/04/2017,21/04/2017,RF,REGIONS FINANCIAL CORP --- UNSOLICITED,SELL,-16,13.4701,215.5
TRADES,18/04/2017,21/04/2017,HYG,ISHARES IBOXX $ HIGH YIELD --- CORPORATE BOND ETF --- UNSOLICITED --- PRODUCT DESCRIPTION UNDER --- SEPARATE COVER,BUY,30,87.38,-2621.4
TRADES,18/04/2017,21/04/2017,TLT,ISHARES 20 PLUS YEAR TREASURY --- BOND ETF --- UNSOLICITED --- PRODUCT DESCRIPTION UNDER --- SEPARATE COVER,BUY,2,124.125,-248.25
TRADES,18/04/2017,21/04/2017,TLT,ISHARES 20 PLUS YEAR TREASURY --- BOND ETF --- UNSOLICITED --- PRODUCT DESCRIPTION UNDER --- SEPARATE COVER,BUY,2,124.125,-248.25
TRADES,18/04/2017,21/04/2017,TLT,ISHARES 20 PLUS YEAR TREASURY --- BOND ETF --- UNSOLICITED --- PRODUCT DESCRIPTION UNDER --- SEPARATE COVER,BUY,3,124.125,-372.38
TRADES,18/04/2017,21/04/2017,TLT,ISHARES 20 PLUS YEAR TREASURY --- BOND ETF --- UNSOLICITED --- PRODUCT DESCRIPTION UNDER --- SEPARATE COVER,BUY,3,124.125,-372.38
TRADES,18/04/2017,21/04/2017,HOG,HARLEY DAVIDSON INC --- UNSOLICITED,SELL,-17,56.6201,962.5
TRADES,18/04/2017,21/04/2017,SCHW,CHARLES SCHWAB CORP NEW --- UNSOLICITED,SELL,-27,37.44,1010.84
TRADES,19/04/2017,24/04/2017,URI,UNITED RENTALS INC --- UNSOLICITED,BUY,8,121.93,-975.44
TRADES,19/04/2017,24/04/2017,QCOM,QUALCOMM INC --- UNSOLICITED,BUY,19,52.7699,-1002.63
TRADES,19/04/2017,24/04/2017,NUE,NUCOR CORP --- UNSOLICITED,BUY,17,57.9999,-986
TRADES,19/04/2017,24/04/2017,HYG,ISHARES IBOXX $ HIGH YIELD --- CORPORATE BOND ETF --- UNSOLICITED --- PRODUCT DESCRIPTION UNDER --- SEPARATE COVER,SELL,-12,87.6401,1051.64
TRADES,19/04/2017,24/04/2017,TLT,ISHARES 20 PLUS YEAR TREASURY --- BOND ETF --- UNSOLICITED --- PRODUCT DESCRIPTION UNDER --- SEPARATE COVER,SELL,-14,123.76,1732.59
TRADES,20/04/2017,25/04/2017,URI,UNITED RENTALS INC --- UNSOLICITED,SELL,-8,111.1501,889.17
TRADES,20/04/2017,25/04/2017,QCOM,QUALCOMM INC --- UNSOLICITED,SELL,-19,51.94,986.82
TRADES,20/04/2017,25/04/2017,NUE,NUCOR CORP --- UNSOLICITED,SELL,-17,58.09,987.49
TRADES,20/04/2017,25/04/2017,HYG,ISHARES IBOXX $ HIGH YIELD --- CORPORATE BOND ETF --- UNSOLICITED --- PRODUCT DESCRIPTION UNDER --- SEPARATE COVER,BUY,19,87.57,-1663.83
TRADES,20/04/2017,25/04/2017,TLT,ISHARES 20 PLUS YEAR TREASURY --- BOND ETF --- UNSOLICITED --- PRODUCT DESCRIPTION UNDER --- SEPARATE COVER,BUY,1,123.41,-123.41
TRADES,20/04/2017,25/04/2017,SLB,***SCHLUMBERGER LTD --- UNSOLICITED,BUY,13,76.7799,-998.14
MONEY_MOVEMENTS,21/04/2017,21/04/2017,,XFER MARGIN TO CASH,,,0,-12.33
MONEY_MOVEMENTS,21/04/2017,21/04/2017,,XFER CASH TO MARGIN,,,0,12.33
TRADES,21/04/2017,26/04/2017,HYG,ISHARES IBOXX $ HIGH YIELD --- CORPORATE BOND ETF --- UNSOLICITED --- PRODUCT DESCRIPTION UNDER --- SEPARATE COVER,BUY,7,87.65,-613.55
TRADES,21/04/2017,26/04/2017,TLT,ISHARES 20 PLUS YEAR TREASURY --- BOND ETF --- UNSOLICITED --- PRODUCT DESCRIPTION UNDER --- SEPARATE COVER,BUY,8,123.95,-991.6
TRADES,21/04/2017,26/04/2017,TLT,ISHARES 20 PLUS YEAR TREASURY --- BOND ETF --- UNSOLICITED --- PRODUCT DESCRIPTION UNDER --- SEPARATE COVER,BUY,5,123.86,-619.3
MONEY_MOVEMENTS,21/04/2017,21/04/2017,,GOLD FEE --- 1203,,,0,-12.33
TRADES,21/04/2017,26/04/2017,SLB,***SCHLUMBERGER LTD --- UNSOLICITED,SELL,-13,74.1501,963.91
TRADES,24/04/2017,27/04/2017,RRC,RANGE RESOURCES CORP --- UNSOLICITED,BUY,33,27.355,-902.72
TRADES,24/04/2017,27/04/2017,NEM,NEWMONT MINING CORP --- HOLDING CO --- UNSOLICITED,BUY,27,33.895,-915.17
TRADES,24/04/2017,27/04/2017,HYG,ISHARES IBOXX $ HIGH YIELD --- CORPORATE BOND ETF --- UNSOLICITED --- PRODUCT DESCRIPTION UNDER --- SEPARATE COVER,SELL,-9,87.9601,791.61
TRADES,24/04/2017,27/04/2017,TLT,ISHARES 20 PLUS YEAR TREASURY --- BOND ETF --- UNSOLICITED --- PRODUCT DESCRIPTION UNDER --- SEPARATE COVER,SELL,-17,122.6601,2085.16
TRADES,24/04/2017,27/04/2017,FCX,FREEPORT MCMORAN INC --- UNSOLICITED,BUY,73,12.445,-908.49
TRADES,25/04/2017,28/04/2017,RRC,RANGE RESOURCES CORP --- UNSOLICITED,SELL,-33,26.91,888
TRADES,25/04/2017,28/04/2017,NEM,NEWMONT MINING CORP --- HOLDING CO --- UNSOLICITED,SELL,-27,32.935,889.22
TRADES,25/04/2017,28/04/2017,HYG,ISHARES IBOXX $ HIGH YIELD --- CORPORATE BOND ETF --- UNSOLICITED --- PRODUCT DESCRIPTION UNDER --- SEPARATE COVER,SELL,-5,88.1201,440.58
TRADES,25/04/2017,28/04/2017,TLT,ISHARES 20 PLUS YEAR TREASURY --- BOND ETF --- UNSOLICITED --- PRODUCT DESCRIPTION UNDER --- SEPARATE COVER,SELL,-4,122.33,489.29
TRADES,25/04/2017,28/04/2017,HES,HESS CORPORATION --- UNSOLICITED,BUY,19,48.1,-913.9
TRADES,25/04/2017,28/04/2017,FCX,FREEPORT MCMORAN INC --- UNSOLICITED,SELL,-1,13.2801,13.26
TRADES,25/04/2017,28/04/2017,FCX,FREEPORT MCMORAN INC --- UNSOLICITED,SELL,-2,13.2801,26.54
TRADES,25/04/2017,28/04/2017,COF,CAPITAL ONE FINANCIAL CORP --- UNSOLICITED,BUY,10,85.5499,-855.5
TRADES,25/04/2017,28/04/2017,IR,***INGERSOLL RAND PLC --- UNSOLICITED,BUY,10,85.5699,-855.7
TRADES,26/04/2017,01/05/2017,SPG,SIMON PROPERTY GROUP INC --- UNSOLICITED,BUY,5,167.4,-837
TRADES,26/04/2017,01/05/2017,HYG,ISHARES IBOXX $ HIGH YIELD --- CORPORATE BOND ETF --- UNSOLICITED --- PRODUCT DESCRIPTION UNDER --- SEPARATE COVER,SELL,-10,88.11,881.07
TRADES,26/04/2017,01/05/2017,HES,HESS CORPORATION --- UNSOLICITED,SELL,-1,51.28,51.26
TRADES,26/04/2017,01/05/2017,HES,HESS CORPORATION --- UNSOLICITED,SELL,-18,51.28,923
TRADES,26/04/2017,01/05/2017,HP,HELMERICH & PAYNE INC --- UNSOLICITED,BUY,14,65.9899,-923.86
TRADES,26/04/2017,01/05/2017,COF,CAPITAL ONE FINANCIAL CORP --- UNSOLICITED,SELL,-10,82.9601,829.57
TRADES,26/04/2017,01/05/2017,AMT,AMERICAN TOWER CORPORATION --- REIT --- UNSOLICITED,BUY,7,123.84,-866.88
TRADES,27/04/2017,02/05/2017,VRTX,VERTEX PHARMACEUTICALS INC --- UNSOLICITED,BUY,7,116.6699,-816.69
TRADES,27/04/2017,02/05/2017,SYF,SYNCHRONY FINANCIAL --- COM --- UNSOLICITED,BUY,27,33.0999,-893.7
TRADES,27/04/2017,02/05/2017,SPG,SIMON PROPERTY GROUP INC --- UNSOLICITED,SELL,-5,167.7701,838.82
TRADES,27/04/2017,02/05/2017,HYG,ISHARES IBOXX $ HIGH YIELD --- CORPORATE BOND ETF --- UNSOLICITED --- PRODUCT DESCRIPTION UNDER --- SEPARATE COVER,SELL,-21,88.0601,1849.2
TRADES,27/04/2017,02/05/2017,HP,HELMERICH & PAYNE INC --- UNSOLICITED,SELL,-14,62.6701,877.35
TRADES,27/04/2017,02/05/2017,EXPE,EXPEDIA INC --- UNSOLICITED,BUY,6,136.59,-819.54
TRADES,27/04/2017,02/05/2017,CY,CYPRESS SEMICONDUCTOR CORP --- UNSOLICITED,BUY,65,14.16,-920.4
TRADES,27/04/2017,02/05/2017,COG,CABOT OIL & GAS CORP --- UNSOLICITED,BUY,38,23.95,-910.1
TRADES,27/04/2017,02/05/2017,AMT,AMERICAN TOWER CORPORATION --- REIT --- UNSOLICITED,SELL,-7,126.1201,882.81
TRADES,28/04/2017,03/05/2017,VRTX,VERTEX PHARMACEUTICALS INC --- UNSOLICITED,SELL,-7,117.565,822.93
TRADES,28/04/2017,03/05/2017,SYF,SYNCHRONY FINANCIAL --- COM --- UNSOLICITED,SELL,-5,28.4,141.98
TRADES,28/04/2017,03/05/2017,SYF,SYNCHRONY FINANCIAL --- COM --- UNSOLICITED,SELL,-5,28.4,141.98
TRADES,28/04/2017,03/05/2017,SYF,SYNCHRONY FINANCIAL --- COM --- UNSOLICITED,SELL,-8,28.4,227.18
TRADES,28/04/2017,03/05/2017,SYF,SYNCHRONY FINANCIAL --- COM --- UNSOLICITED,SELL,-9,28.4,255.58
TRADES,28/04/2017,03/05/2017,HYG,ISHARES IBOXX $ HIGH YIELD --- CORPORATE BOND ETF --- UNSOLICITED --- PRODUCT DESCRIPTION UNDER --- SEPARATE COVER,BUY,49,88.2099,-4322.29
TRADES,28/04/2017,03/05/2017,EXPE,EXPEDIA INC --- UNSOLICITED,SELL,-6,132.5867,795.49
TRADES,28/04/2017,03/05/2017,CY,CYPRESS SEMICONDUCTOR CORP --- UNSOLICITED,SELL,-65,13.7601,894.38
TRADES,28/04/2017,03/05/2017,COG,CABOT OIL & GAS CORP --- UNSOLICITED,SELL,-38,23.8201,905.13
TRADES,01/05/2017,04/05/2017,VNO,VORNADO REALTY TRUST --- UNSOLICITED,BUY,9,95.6699,-861.03
TRADES,01/05/2017,04/05/2017,NBL,NOBLE ENERGY INC --- COMMON STOCK --- UNSOLICITED,BUY,27,31.99,-863.73
TRADES,01/05/2017,04/05/2017,HYG,ISHARES IBOXX $ HIGH YIELD --- CORPORATE BOND ETF --- UNSOLICITED --- PRODUCT DESCRIPTION UNDER --- SEPARATE COVER,SELL,-5,87.7501,438.73
TRADES,01/05/2017,04/05/2017,HYG,ISHARES IBOXX $ HIGH YIELD --- CORPORATE BOND ETF --- UNSOLICITED --- PRODUCT DESCRIPTION UNDER --- SEPARATE COVER,SELL,-24,87.7501,2105.94
TRADES,01/05/2017,04/05/2017,ADM,ARCHER-DANIELS-MIDLAND CO --- UNSOLICITED,BUY,19,45.57,-865.83
TRADES,02/05/2017,05/05/2017,OKE,ONEOK INC --- UNSOLICITED,BUY,17,52.52,-892.84
TRADES,02/05/2017,05/05/2017,NBL,NOBLE ENERGY INC --- COMMON STOCK --- UNSOLICITED,SELL,-27,32.9201,888.81
TRADES,02/05/2017,05/05/2017,MDLZ,MONDELEZ INTERNATIONAL INC --- COM --- UNSOLICITED,BUY,20,44.0599,-881.2
TRADES,02/05/2017,05/05/2017,HYG,ISHARES IBOXX $ HIGH YIELD --- CORPORATE BOND ETF --- UNSOLICITED --- PRODUCT DESCRIPTION UNDER --- SEPARATE COVER,SELL,-35,87.7701,3071.87
TRADES,02/05/2017,05/05/2017,TLT,ISHARES 20 PLUS YEAR TREASURY --- BOND ETF --- UNSOLICITED --- PRODUCT DESCRIPTION UNDER --- SEPARATE COVER,BUY,2,121.24,-242.48
TRADES,02/05/2017,05/05/2017,HBI,HANESBRANDS INC --- UNSOLICITED,BUY,40,22.02,-880.8
TRADES,02/05/2017,05/05/2017,FCX,FREEPORT MCMORAN INC --- UNSOLICITED,SELL,-70,12.7601,893.18
TRADES,02/05/2017,05/05/2017,FANG,DIAMONDBACK ENERGY INC --- COM --- UNSOLICITED,BUY,9,99.22,-892.98
TRADES,02/05/2017,05/05/2017,DVN,DEVON ENERGY CORPORATION NEW --- UNSOLICITED,BUY,22,39.3499,-865.7
TRADES,02/05/2017,05/05/2017,ADM,ARCHER-DANIELS-MIDLAND CO --- UNSOLICITED,SELL,-19,43,816.97
TRADES,02/05/2017,05/05/2017,APC,ANADARKO PETROLEUM CORP --- UNSOLICITED,BUY,15,57.0399,-855.6
TRADES,03/05/2017,08/05/2017,VNO,VORNADO REALTY TRUST --- UNSOLICITED,SELL,-1,94.9501,94.93
TRADES,03/05/2017,08/05/2017,REGN,REGENERON PHARMACEUTICALS INC --- UNSOLICITED,BUY,1,404.09,-404.09
TRADES,03/05/2017,08/05/2017,PXD,PIONEER NATURAL RESOURCES --- COMPANY --- UNSOLICITED,BUY,3,171.12,-513.36
TRADES,03/05/2017,08/05/2017,OKE,ONEOK INC --- UNSOLICITED,SELL,-2,52.54,105.06
TRADES,03/05/2017,08/05/2017,OKE,ONEOK INC --- UNSOLICITED,SELL,-2,52.54,105.06
TRADES,03/05/2017,08/05/2017,OXY,OCCIDENTAL PETE CORP --- UNSOLICITED,BUY,11,60.13,-661.43
TRADES,03/05/2017,08/05/2017,MDLZ,MONDELEZ INTERNATIONAL INC --- COM --- UNSOLICITED,SELL,-20,45.1501,902.97
TRADES,03/05/2017,08/05/2017,LDOS,LEIDOS HOLDINGS INC --- COM --- UNSOLICITED,BUY,12,53.1399,-637.68
TRADES,03/05/2017,08/05/2017,K,KELLOGG CO --- UNSOLICITED,BUY,9,68.83,-619.47
TRADES,03/05/2017,08/05/2017,TLT,ISHARES 20 PLUS YEAR TREASURY --- BOND ETF --- UNSOLICITED --- PRODUCT DESCRIPTION UNDER --- SEPARATE COVER,SELL,-2,122.01,244
TRADES,03/05/2017,08/05/2017,HBI,HANESBRANDS INC --- UNSOLICITED,SELL,-40,21.3701,854.77
TRADES,03/05/2017,08/05/2017,FLT,FLEETCOR TECHNOLOGIES INC --- UNSOLICITED,BUY,4,136.5799,-546.32
TRADES,03/05/2017,08/05/2017,FANG,DIAMONDBACK ENERGY INC --- COM --- UNSOLICITED,SELL,-9,101.85,916.62
TRADES,03/05/2017,08/05/2017,DVN,DEVON ENERGY CORPORATION NEW --- UNSOLICITED,SELL,-22,38.5401,847.85
TRADES,03/05/2017,08/05/2017,CLVS,CLOVIS ONCOLOGY INC --- COM --- UNSOLICITED,SELL,-12,52.9801,635.73
TRADES,03/05/2017,08/05/2017,CLVS,CLOVIS ONCOLOGY INC --- COM --- UNSOLICITED,BUY,12,54.5899,-655.08
TRADES,03/05/2017,08/05/2017,LNG,CHENIERE ENERGY INC --- COM --- UNSOLICITED,BUY,14,45.8999,-642.6
TRADES,03/05/2017,08/05/2017,APA,APACHE CORP --- UNSOLICITED,BUY,13,48.7,-633.1
TRADES,03/05/2017,08/05/2017,APC,ANADARKO PETROLEUM CORP --- UNSOLICITED,SELL,-15,51.68,775.17
TRADES,03/05/2017,08/05/2017,IR,***INGERSOLL RAND PLC --- UNSOLICITED,SELL,-10,89.1101,891.07
TRADES,04/05/2017,09/05/2017,VNO,VORNADO REALTY TRUST --- UNSOLICITED,BUY,1,93.3599,-93.36
TRADES,04/05/2017,09/05/2017,REGN,REGENERON PHARMACEUTICALS INC --- UNSOLICITED,BUY,1,430.4,-430.4
TRADES,04/05/2017,09/05/2017,PXD,PIONEER NATURAL RESOURCES --- COMPANY --- UNSOLICITED,SELL,-3,164.6301,493.86
TRADES,04/05/2017,09/05/2017,PE,PARSLEY ENERGY INC --- CL A --- UNSOLICITED,BUY,29,29.3499,-851.15
TRADES,04/05/2017,09/05/2017,OKE,ONEOK INC --- UNSOLICITED,SELL,-13,50.9201,661.93
TRADES,04/05/2017,09/05/2017,OXY,OCCIDENTAL PETE CORP --- UNSOLICITED,SELL,-11,57.96,637.53
TRADES,04/05/2017,09/05/2017,LDOS,LEIDOS HOLDINGS INC --- COM --- UNSOLICITED,BUY,4,52.9699,-211.88
TRADES,04/05/2017,09/05/2017,K,KELLOGG CO --- UNSOLICITED,SELL,-9,70.6501,635.82
TRADES,04/05/2017,09/05/2017,HYG,ISHARES IBOXX $ HIGH YIELD --- CORPORATE BOND ETF --- UNSOLICITED --- PRODUCT DESCRIPTION UNDER --- SEPARATE COVER,BUY,3,87.66,-262.98
TRADES,04/05/2017,09/05/2017,FLT,FLEETCOR TECHNOLOGIES INC --- UNSOLICITED,SELL,-4,132.13,528.49
TRADES,04/05/2017,09/05/2017,LNG,CHENIERE ENERGY INC --- COM --- UNSOLICITED,SELL,-19,44.5001,845.47
TRADES,04/05/2017,09/05/2017,LNG,CHENIERE ENERGY INC --- COM --- UNSOLICITED,BUY,5,45.8799,-229.4
TRADES,04/05/2017,09/05/2017,CNP,CENTERPOINT ENERGY INC --- UNSOLICITED,BUY,31,27.9399,-866.14
TRADES,04/05/2017,09/05/2017,CBS,CBS CORP --- CLASS B --- UNSOLICITED,BUY,13,63.58,-826.54
TRADES,04/05/2017,09/05/2017,AAOI,APPLIED OPTOELECTRONICS INC --- COM --- UNSOLICITED,BUY,18,47.45,-854.1
TRADES,04/05/2017,09/05/2017,APA,APACHE CORP --- UNSOLICITED,SELL,-13,46.34,602.39
TRADES,05/05/2017,10/05/2017,NWL,NEWELL BRANDS INC --- SHS --- UNSOLICITED,BUY,19,45.9,-872.1
TRADES,05/05/2017,10/05/2017,HYG,ISHARES IBOXX $ HIGH YIELD --- CORPORATE BOND ETF --- UNSOLICITED --- PRODUCT DESCRIPTION UNDER --- SEPARATE COVER,BUY,20,87.4999,-1750
MONEY_MOVEMENTS,05/05/2017,05/05/2017,HYG,ISHARES IBOXX $ HIGH YIELD --- CORPORATE BOND ETF --- SUBST PAY ON      13 SHS --- REC 05/03/17 PAY 05/05/17 --- IN LIEU OF DIVIDEND,,,0,4.87
MONEY_MOVEMENTS,05/05/2017,05/05/2017,HYG,ISHARES IBOXX $ HIGH YIELD --- CORPORATE BOND ETF --- CASH DIV  ON      51 SHS --- REC 05/03/17 PAY 05/05/17 --- NON-QUALIFIED DIVIDEND,,,0,19.1
TRADES,05/05/2017,10/05/2017,CBS,CBS CORP --- CLASS B --- UNSOLICITED,SELL,-13,64.68,840.81
TRADES,05/05/2017,10/05/2017,AAOI,APPLIED OPTOELECTRONICS INC --- COM --- UNSOLICITED,SELL,-18,51.5501,927.86
TRADES,08/05/2017,11/05/2017,NWL,NEWELL BRANDS INC --- SHS --- UNSOLICITED,SELL,-19,52.73,1001.83
TRADES,08/05/2017,11/05/2017,HYG,ISHARES IBOXX $ HIGH YIELD --- CORPORATE BOND ETF --- UNSOLICITED --- PRODUCT DESCRIPTION UNDER --- SEPARATE COVER,BUY,11,87.59,-963.49
TRADES,08/05/2017,11/05/2017,CNP,CENTERPOINT ENERGY INC --- UNSOLICITED,BUY,1,27.7999,-27.8
TRADES,09/05/2017,12/05/2017,DIS,WALT DISNEY CO --- UNSOLICITED,BUY,8,111.74,-893.92
TRADES,09/05/2017,12/05/2017,VMC,VULCAN MATERIALS CO --- (HOLDING CO) --- UNSOLICITED,BUY,7,126.2199,-883.54
TRADES,09/05/2017,12/05/2017,VNO,VORNADO REALTY TRUST --- UNSOLICITED,SELL,-9,93.67,843
TRADES,09/05/2017,12/05/2017,LDOS,LEIDOS HOLDINGS INC --- COM --- UNSOLICITED,BUY,1,52.78,-52.78
TRADES,09/05/2017,12/05/2017,HYG,ISHARES IBOXX $ HIGH YIELD --- CORPORATE BOND ETF --- UNSOLICITED --- PRODUCT DESCRIPTION UNDER --- SEPARATE COVER,SELL,-30,87.7801,2633.33
TRADES,09/05/2017,12/05/2017,COTY,COTY INC --- COM CL A --- UNSOLICITED,BUY,50,17.9399,-897
TRADES,09/05/2017,12/05/2017,NCLH,***NORWEGIAN CRUISE LINE HLDGS --- LTD SHS --- UNSOLICITED,BUY,16,55.3299,-885.28
TRADES,10/05/2017,15/05/2017,DIS,WALT DISNEY CO --- UNSOLICITED,SELL,-8,108.9801,871.81
TRADES,10/05/2017,15/05/2017,HYG,ISHARES IBOXX $ HIGH YIELD --- CORPORATE BOND ETF --- UNSOLICITED --- PRODUCT DESCRIPTION UNDER --- SEPARATE COVER,BUY,4,87.82,-351.28
TRADES,10/05/2017,15/05/2017,HYG,ISHARES IBOXX $ HIGH YIELD --- CORPORATE BOND ETF --- UNSOLICITED --- PRODUCT DESCRIPTION UNDER --- SEPARATE COVER,BUY,16,87.82,-1405.12
TRADES,10/05/2017,15/05/2017,COTY,COTY INC --- COM CL A --- UNSOLICITED,SELL,-4,20.3801,81.5
TRADES,10/05/2017,15/05/2017,CNP,CENTERPOINT ENERGY INC --- UNSOLICITED,BUY,1,27.5099,-27.51
TRADES,10/05/2017,15/05/2017,NCLH,***NORWEGIAN CRUISE LINE HLDGS --- LTD SHS --- UNSOLICITED,SELL,-16,53.4101,854.53
TRADES,11/05/2017,16/05/2017,REGN,REGENERON PHARMACEUTICALS INC --- UNSOLICITED,SELL,-2,431.41,862.79
TRADES,11/05/2017,16/05/2017,LDOS,LEIDOS HOLDINGS INC --- COM --- UNSOLICITED,SELL,-17,52.1959,887.3
TRADES,11/05/2017,16/05/2017,HYG,ISHARES IBOXX $ HIGH YIELD --- CORPORATE BOND ETF --- UNSOLICITED --- PRODUCT DESCRIPTION UNDER --- SEPARATE COVER,BUY,20,87.9,-1758
TRADES,12/05/2017,17/05/2017,VMC,VULCAN MATERIALS CO --- (HOLDING CO) --- UNSOLICITED,SELL,-7,127.8001,894.57
TRADES,12/05/2017,17/05/2017,PE,PARSLEY ENERGY INC --- CL A --- UNSOLICITED,SELL,-29,31.7201,919.84
TRADES,12/05/2017,17/05/2017,HYG,ISHARES IBOXX $ HIGH YIELD --- CORPORATE BOND ETF --- UNSOLICITED --- PRODUCT DESCRIPTION UNDER --- SEPARATE COVER,BUY,28,87.92,-2461.76
TRADES,12/05/2017,17/05/2017,TLT,ISHARES 20 PLUS YEAR TREASURY --- BOND ETF --- UNSOLICITED --- PRODUCT DESCRIPTION UNDER --- SEPARATE COVER,BUY,10,121.16,-1211.6
TRADES,12/05/2017,17/05/2017,COTY,COTY INC --- COM CL A --- UNSOLICITED,SELL,-6,19.5301,117.16
TRADES,12/05/2017,17/05/2017,COTY,COTY INC --- COM CL A --- UNSOLICITED,SELL,-8,19.5301,156.22
TRADES,12/05/2017,17/05/2017,COTY,COTY INC --- COM CL A --- UNSOLICITED,SELL,-8,19.5301,156.22
TRADES,12/05/2017,17/05/2017,COTY,COTY INC --- COM CL A --- UNSOLICITED,SELL,-8,19.5301,156.22
TRADES,12/05/2017,17/05/2017,COTY,COTY INC --- COM CL A --- UNSOLICITED,SELL,-8,19.5301,156.22
TRADES,12/05/2017,17/05/2017,COTY,COTY INC --- COM CL A --- UNSOLICITED,SELL,-8,19.5301,156.22
TRADES,12/05/2017,17/05/2017,CNP,CENTERPOINT ENERGY INC --- UNSOLICITED,SELL,-33,27.2701,899.88
TRADES,15/05/2017,18/05/2017,HYG,ISHARES IBOXX $ HIGH YIELD --- CORPORATE BOND ETF --- UNSOLICITED --- PRODUCT DESCRIPTION UNDER --- SEPARATE COVER,SELL,-7,88.2201,617.51
TRADES,15/05/2017,18/05/2017,TLT,ISHARES 20 PLUS YEAR TREASURY --- BOND ETF --- UNSOLICITED --- PRODUCT DESCRIPTION UNDER --- SEPARATE COVER,BUY,5,121.08,-605.4
TRADES,17/05/2017,22/05/2017,WMT,WAL-MART STORES INC --- UNSOLICITED,BUY,12,75.53,-906.36
TRADES,17/05/2017,22/05/2017,LB,L BRANDS INC --- UNSOLICITED,BUY,18,48.34,-870.12
TRADES,17/05/2017,22/05/2017,HYG,ISHARES IBOXX $ HIGH YIELD --- CORPORATE BOND ETF --- UNSOLICITED --- PRODUCT DESCRIPTION UNDER --- SEPARATE COVER,SELL,-17,88.0501,1496.8
TRADES,17/05/2017,22/05/2017,TLT,ISHARES 20 PLUS YEAR TREASURY --- BOND ETF --- UNSOLICITED --- PRODUCT DESCRIPTION UNDER --- SEPARATE COVER,SELL,-1,122.9001,122.88
TRADES,18/05/2017,23/05/2017,WMT,WAL-MART STORES INC --- UNSOLICITED,SELL,-12,76.82,921.8
TRADES,18/05/2017,23/05/2017,ROST,ROSS STORES INC --- UNSOLICITED,BUY,14,61.41,-859.74
TRADES,18/05/2017,23/05/2017,LB,L BRANDS INC --- UNSOLICITED,SELL,-18,50.7701,913.83
TRADES,18/05/2017,23/05/2017,ADSK,AUTODESK INC --- UNSOLICITED,BUY,9,94.9799,-854.82
MONEY_MOVEMENTS,19/05/2017,19/05/2017,VNO,VORNADO REALTY TRUST --- CASH DIV  ON       8 SHS --- REC 05/08/17 PAY 05/19/17 --- NON-QUALIFIED DIVIDEND,,,0,5.68
TRADES,19/05/2017,24/05/2017,ROST,ROSS STORES INC --- UNSOLICITED,SELL,-14,61.9701,867.55
TRADES,19/05/2017,24/05/2017,HYG,ISHARES IBOXX $ HIGH YIELD --- CORPORATE BOND ETF --- UNSOLICITED --- PRODUCT DESCRIPTION UNDER --- SEPARATE COVER,BUY,7,88.295,-618.07
TRADES,19/05/2017,24/05/2017,TLT,ISHARES 20 PLUS YEAR TREASURY --- BOND ETF --- UNSOLICITED --- PRODUCT DESCRIPTION UNDER --- SEPARATE COVER,BUY,2,123.068,-246.14
TRADES,23/05/2017,26/05/2017,HYG,ISHARES IBOXX $ HIGH YIELD --- CORPORATE BOND ETF --- UNSOLICITED --- PRODUCT DESCRIPTION UNDER --- SEPARATE COVER,SELL,-7,88.4201,618.91
TRADES,23/05/2017,26/05/2017,TLT,ISHARES 20 PLUS YEAR TREASURY --- BOND ETF --- UNSOLICITED --- PRODUCT DESCRIPTION UNDER --- SEPARATE COVER,SELL,-1,123.4,123.38
TRADES,23/05/2017,26/05/2017,AAP,ADVANCE AUTO PARTS INC --- UNSOLICITED,BUY,6,143.375,-860.25
TRADES,24/05/2017,30/05/2017,HYG,ISHARES IBOXX $ HIGH YIELD --- CORPORATE BOND ETF --- UNSOLICITED --- PRODUCT DESCRIPTION UNDER --- SEPARATE COVER,BUY,40,88.4399,-3537.6
TRADES,24/05/2017,30/05/2017,TLT,ISHARES 20 PLUS YEAR TREASURY --- BOND ETF --- UNSOLICITED --- PRODUCT DESCRIPTION UNDER --- SEPARATE COVER,SELL,-15,122.8,1841.94
TRADES,24/05/2017,30/05/2017,ADSK,AUTODESK INC --- UNSOLICITED,SELL,-9,113.25,1019.21
TRADES,24/05/2017,30/05/2017,AAP,ADVANCE AUTO PARTS INC --- UNSOLICITED,SELL,-6,134.27,805.59
TRADES,25/05/2017,31/05/2017,ULTA,ULTA BEAUTY INC --- COMMON STOCK --- UNSOLICITED,BUY,3,289.17,-867.51
TRADES,25/05/2017,31/05/2017,HYG,ISHARES IBOXX $ HIGH YIELD --- CORPORATE BOND ETF --- UNSOLICITED --- PRODUCT DESCRIPTION UNDER --- SEPARATE COVER,SELL,-20,88.71,1774.15
TRADES,25/05/2017,31/05/2017,COST,COSTCO WHOLESALE CORP-NEW --- UNSOLICITED,BUY,5,174.34,-871.7
TRADES,26/05/2017,01/06/2017,ULTA,ULTA BEAUTY INC --- COMMON STOCK --- UNSOLICITED,SELL,-3,302.3501,907.02
TRADES,26/05/2017,01/06/2017,HYG,ISHARES IBOXX $ HIGH YIELD --- CORPORATE BOND ETF --- UNSOLICITED --- PRODUCT DESCRIPTION UNDER --- SEPARATE COVER,BUY,10,88.56,-885.6
MONEY_MOVEMENTS,30/05/2017,30/05/2017,,XFER MARGIN TO CASH,,,0,-15
MONEY_MOVEMENTS,30/05/2017,30/05/2017,,XFER CASH TO MARGIN,,,0,15
TRADES,30/05/2017,02/06/2017,HYG,ISHARES IBOXX $ HIGH YIELD --- CORPORATE BOND ETF --- UNSOLICITED --- PRODUCT DESCRIPTION UNDER --- SEPARATE COVER,SELL,-1,88.5401,88.52
TRADES,30/05/2017,02/06/2017,TLT,ISHARES 20 PLUS YEAR TREASURY --- BOND ETF --- UNSOLICITED --- PRODUCT DESCRIPTION UNDER --- SEPARATE COVER,BUY,1,123.89,-123.89
MONEY_MOVEMENTS,30/05/2017,30/05/2017,,GOLD FEE --- 6096,,,0,-15
TRADES,31/05/2017,05/06/2017,HYG,ISHARES IBOXX $ HIGH YIELD --- CORPORATE BOND ETF --- UNSOLICITED --- PRODUCT DESCRIPTION UNDER --- SEPARATE COVER,SELL,-77,88.5801,6820.51
TRADES,31/05/2017,05/06/2017,TLT,ISHARES 20 PLUS YEAR TREASURY --- BOND ETF --- UNSOLICITED --- PRODUCT DESCRIPTION UNDER --- SEPARATE COVER,BUY,54,124.389,-6717.01
TRADES,01/06/2017,06/06/2017,TLT,ISHARES 20 PLUS YEAR TREASURY --- BOND ETF --- UNSOLICITED --- PRODUCT DESCRIPTION UNDER --- SEPARATE COVER,BUY,8,123.92,-991.36
TRADES,01/06/2017,06/06/2017,COST,COSTCO WHOLESALE CORP-NEW --- UNSOLICITED,SELL,-5,179.8901,899.42
TRADES,02/06/2017,07/06/2017,TLT,ISHARES 20 PLUS YEAR TREASURY --- BOND ETF --- UNSOLICITED --- PRODUCT DESCRIPTION UNDER --- SEPARATE COVER,SELL,-44,125.2501,5510.86
TRADES,02/06/2017,07/06/2017,ATVI,ACTIVISION BLIZZARD INC --- UNSOLICITED,BUY,90,59.46,-5351.4
TRADES,05/06/2017,08/06/2017,HYG,ISHARES IBOXX $ HIGH YIELD --- CORPORATE BOND ETF --- UNSOLICITED --- PRODUCT DESCRIPTION UNDER --- SEPARATE COVER,BUY,70,88.61,-6202.7
TRADES,05/06/2017,08/06/2017,TLT,ISHARES 20 PLUS YEAR TREASURY --- BOND ETF --- UNSOLICITED --- PRODUCT DESCRIPTION UNDER --- SEPARATE COVER,SELL,-8,125.0901,1000.68
TRADES,05/06/2017,08/06/2017,ATVI,ACTIVISION BLIZZARD INC --- UNSOLICITED,SELL,-90,60.111,5409.86
TRADES,06/06/2017,09/06/2017,HYG,ISHARES IBOXX $ HIGH YIELD --- CORPORATE BOND ETF --- UNSOLICITED --- PRODUCT DESCRIPTION UNDER --- SEPARATE COVER,SELL,-6,88.4701,530.79
TRADES,06/06/2017,09/06/2017,TLT,ISHARES 20 PLUS YEAR TREASURY --- BOND ETF --- UNSOLICITED --- PRODUCT DESCRIPTION UNDER --- SEPARATE COVER,BUY,8,125.5899,-1004.72
TRADES,07/06/2017,12/06/2017,HYG,ISHARES IBOXX $ HIGH YIELD --- CORPORATE BOND ETF --- UNSOLICITED --- PRODUCT DESCRIPTION UNDER --- SEPARATE COVER,SELL,-40,88.3001,3531.91
TRADES,07/06/2017,12/06/2017,TLT,ISHARES 20 PLUS YEAR TREASURY --- BOND ETF --- UNSOLICITED --- PRODUCT DESCRIPTION UNDER --- SEPARATE COVER,BUY,28,125.2899,-3508.12
MONEY_MOVEMENTS,07/06/2017,07/06/2017,TLT,ISHARES 20 PLUS YEAR TREASURY --- BOND ETF --- SUBST PAY ON      22 SHS --- REC 06/05/17 PAY 06/07/17 --- IN LIEU OF DIVIDEND,,,0,5.79
MONEY_MOVEMENTS,07/06/2017,07/06/2017,TLT,ISHARES 20 PLUS YEAR TREASURY --- BOND ETF --- CASH DIV  ON      33 SHS --- REC 06/05/17 PAY 06/07/17 --- NON-QUALIFIED DIVIDEND,,,0,8.68
TRADES,08/06/2017,13/06/2017,HYG,ISHARES IBOXX $ HIGH YIELD --- CORPORATE BOND ETF --- UNSOLICITED --- PRODUCT DESCRIPTION UNDER --- SEPARATE COVER,SELL,-2,88.035,176.05
TRADES,08/06/2017,13/06/2017,HYG,ISHARES IBOXX $ HIGH YIELD --- CORPORATE BOND ETF --- UNSOLICITED --- PRODUCT DESCRIPTION UNDER --- SEPARATE COVER,SELL,-22,88.031,1936.62
TRADES,08/06/2017,13/06/2017,TLT,ISHARES 20 PLUS YEAR TREASURY --- BOND ETF --- UNSOLICITED --- PRODUCT DESCRIPTION UNDER --- SEPARATE COVER,BUY,16,124.56,-1992.96
TRADES,09/06/2017,14/06/2017,TLT,ISHARES 20 PLUS YEAR TREASURY --- BOND ETF --- UNSOLICITED --- PRODUCT DESCRIPTION UNDER --- SEPARATE COVER,BUY,8,124.02,-992.16
MONEY_MOVEMENTS,09/06/2017,09/06/2017,CNP,CENTERPOINT ENERGY INC --- CASH DIV  ON      33 SHS --- REC 05/16/17 PAY 06/09/17,,,0,8.83
MONEY_MOVEMENTS,09/06/2017,09/06/2017,,ACH DEPOSIT --- SEN(20170608065403),,,0,1000
TRADES,12/06/2017,15/06/2017,TLT,ISHARES 20 PLUS YEAR TREASURY --- BOND ETF --- UNSOLICITED --- PRODUCT DESCRIPTION UNDER --- SEPARATE COVER,BUY,1,124.31,-124.31
MONEY_MOVEMENTS,12/06/2017,12/06/2017,,ACH DEPOSIT --- SEN(20170612005498),,,0,25
TRADES,13/06/2017,16/06/2017,NVDA,NVIDIA CORP --- UNSOLICITED,BUY,20,150.1599,-3003.2
TRADES,13/06/2017,16/06/2017,TLT,ISHARES 20 PLUS YEAR TREASURY --- BOND ETF --- UNSOLICITED --- PRODUCT DESCRIPTION UNDER --- SEPARATE COVER,SELL,-72,124.2601,8946.52
TRADES,13/06/2017,16/06/2017,ATVI,ACTIVISION BLIZZARD INC --- UNSOLICITED,BUY,100,57.3099,-5730.99
TRADES,14/06/2017,19/06/2017,Y002302,YAHOO INC --- UNSOLICITED,BUY,50,52.8195,-2640.98
MONEY_MOVEMENTS,14/06/2017,14/06/2017,,XFER MARGIN TO CASH,,,0,-0.01
MONEY_MOVEMENTS,14/06/2017,14/06/2017,,XFER CASH TO MARGIN,,,0,0.01
MONEY_MOVEMENTS,14/06/2017,14/06/2017,,SEC/TAF FEES 2017-06-13 --- 6194,,,0,-0.01
TRADES,14/06/2017,19/06/2017,CRM,SALESFORCE.COM INC --- UNSOLICITED,BUY,20,87.359,-1747.18
TRADES,14/06/2017,19/06/2017,NVDA,NVIDIA CORP --- UNSOLICITED,SELL,-20,150.7301,3014.52
TRADES,14/06/2017,19/06/2017,HYG,ISHARES IBOXX $ HIGH YIELD --- CORPORATE BOND ETF --- UNSOLICITED --- PRODUCT DESCRIPTION UNDER --- SEPARATE COVER,BUY,50,88.719,-4435.95
TRADES,14/06/2017,19/06/2017,ATVI,ACTIVISION BLIZZARD INC --- UNSOLICITED,SELL,-100,58.36,5835.86
TRADES,15/06/2017,20/06/2017,Y002302,YAHOO INC --- UNSOLICITED,SELL,-50,51.7207,2585.97
TRADES,15/06/2017,20/06/2017,CRM,SALESFORCE.COM INC --- UNSOLICITED,SELL,-20,85.2001,1703.95
TRADES,15/06/2017,20/06/2017,HYG,ISHARES IBOXX $ HIGH YIELD --- CORPORATE BOND ETF --- UNSOLICITED --- PRODUCT DESCRIPTION UNDER --- SEPARATE COVER,SELL,-2,88.34,176.66
TRADES,15/06/2017,20/06/2017,TLT,ISHARES 20 PLUS YEAR TREASURY --- BOND ETF --- UNSOLICITED --- PRODUCT DESCRIPTION UNDER --- SEPARATE COVER,BUY,37,126.17,-4668.29
TRADES,16/06/2017,21/06/2017,HYG,ISHARES IBOXX $ HIGH YIELD --- CORPORATE BOND ETF --- UNSOLICITED --- PRODUCT DESCRIPTION UNDER --- SEPARATE COVER,SELL,-48,88.2111,4234.02
TRADES,16/06/2017,21/06/2017,TLT,ISHARES 20 PLUS YEAR TREASURY --- BOND ETF --- UNSOLICITED --- PRODUCT DESCRIPTION UNDER --- SEPARATE COVER,BUY,33,126.279,-4167.21
TRADES,19/06/2017,22/06/2017,UTX,UNITED TECHNOLOGIES CORP --- UNSOLICITED,BUY,25,121.849,-3046.23
TRADES,19/06/2017,22/06/2017,SBUX,STARBUCKS CORP --- UNSOLICITED,BUY,1,60.5799,-60.58
TRADES,19/06/2017,22/06/2017,OA,ORBITAL ATK INC --- COM --- UNSOLICITED,BUY,1,100.4099,-100.41
TRADES,19/06/2017,22/06/2017,JNJ,JOHNSON & JOHNSON --- UNSOLICITED,BUY,3,133.967,-401.9
TRADES,19/06/2017,22/06/2017,JNJ,JOHNSON & JOHNSON --- UNSOLICITED,BUY,31,133.969,-4153.04
TRADES,19/06/2017,22/06/2017,TLT,ISHARES 20 PLUS YEAR TREASURY --- BOND ETF --- UNSOLICITED --- PRODUCT DESCRIPTION UNDER --- SEPARATE COVER,SELL,-5,126.301,631.48
TRADES,19/06/2017,22/06/2017,TLT,ISHARES 20 PLUS YEAR TREASURY --- BOND ETF --- UNSOLICITED --- PRODUCT DESCRIPTION UNDER --- SEPARATE COVER,SELL,-65,126.301,8209.38
TRADES,19/06/2017,22/06/2017,ATVI,ACTIVISION BLIZZARD INC --- UNSOLICITED,BUY,15,59.4199,-891.3
MONEY_MOVEMENTS,20/06/2017,20/06/2017,,XFER MARGIN TO CASH,,,0,0.01
MONEY_MOVEMENTS,20/06/2017,20/06/2017,,XFER CASH TO MARGIN,,,0,-0.01
TRADES,20/06/2017,23/06/2017,SBUX,STARBUCKS CORP --- UNSOLICITED,SELL,-1,60.43,60.41
MONEY_MOVEMENTS,20/06/2017,20/06/2017,,SEC/TAF FEES 2017-06-13 REV --- 6169,,,0,0.01
TRADES,20/06/2017,23/06/2017,OA,ORBITAL ATK INC --- COM --- UNSOLICITED,SELL,-1,101.0001,100.98
TRADES,20/06/2017,23/06/2017,LMT,LOCKHEED MARTIN CORP --- UNSOLICITED,BUY,4,283.95,-1135.8
TRADES,20/06/2017,23/06/2017,JNJ,JOHNSON & JOHNSON --- UNSOLICITED,SELL,-5,134.55,672.72
TRADES,20/06/2017,23/06/2017,FDX,FEDEX CORP --- UNSOLICITED,BUY,5,209.35,-1046.75
TRADES,20/06/2017,23/06/2017,ATVI,ACTIVISION BLIZZARD INC --- UNSOLICITED,SELL,-15,60.685,910.25
TRADES,21/06/2017,26/06/2017,UTX,UNITED TECHNOLOGIES CORP --- UNSOLICITED,SELL,-25,121.932,3048.22
TRADES,21/06/2017,26/06/2017,LMT,LOCKHEED MARTIN CORP --- UNSOLICITED,BUY,15,283.46,-4251.9
TRADES,21/06/2017,26/06/2017,JNJ,JOHNSON & JOHNSON --- UNSOLICITED,SELL,-14,134.501,1882.95
TRADES,21/06/2017,26/06/2017,TLT,ISHARES 20 PLUS YEAR TREASURY --- BOND ETF --- UNSOLICITED --- PRODUCT DESCRIPTION UNDER --- SEPARATE COVER,BUY,3,126.99,-380.97
TRADES,22/06/2017,27/06/2017,UTX,UNITED TECHNOLOGIES CORP --- UNSOLICITED,BUY,2,122.5163,-245.03
TRADES,22/06/2017,27/06/2017,SBUX,STARBUCKS CORP --- UNSOLICITED,BUY,2,59.679,-119.36
TRADES,22/06/2017,27/06/2017,OA,ORBITAL ATK INC --- COM --- UNSOLICITED,BUY,3,100.6681,-302
TRADES,22/06/2017,27/06/2017,MA,MASTERCARD INCORPORATED --- UNSOLICITED,BUY,3,122.8159,-368.45
TRADES,22/06/2017,27/06/2017,LMT,LOCKHEED MARTIN CORP --- UNSOLICITED,SELL,-1,282.09,282.07
TRADES,22/06/2017,27/06/2017,LMT,LOCKHEED MARTIN CORP --- UNSOLICITED,SELL,-16,282.09,4513.33
TRADES,22/06/2017,27/06/2017,JNJ,JOHNSON & JOHNSON --- UNSOLICITED,SELL,-3,135.9201,407.74
TRADES,22/06/2017,27/06/2017,HYG,ISHARES IBOXX $ HIGH YIELD --- CORPORATE BOND ETF --- UNSOLICITED --- PRODUCT DESCRIPTION UNDER --- SEPARATE COVER,BUY,9,87.75,-789.75
TRADES,22/06/2017,27/06/2017,TLT,ISHARES 20 PLUS YEAR TREASURY --- BOND ETF --- UNSOLICITED --- PRODUCT DESCRIPTION UNDER --- SEPARATE COVER,BUY,20,127.65,-2553
TRADES,22/06/2017,27/06/2017,AAPL,APPLE INC --- UNSOLICITED,BUY,1,145.359,-145.36
TRADES,22/06/2017,27/06/2017,ATVI,ACTIVISION BLIZZARD INC --- UNSOLICITED,BUY,2,60.689,-121.38
TRADES,22/06/2017,27/06/2017,GSK,***GLAXOSMITHKLINE PLC --- SPONSORED ADR(FRM GLAXO WELL) --- UNSOLICITED,BUY,8,44.0991,-352.79
MONEY_MOVEMENTS,23/06/2017,23/06/2017,,GOLD FEE,,,0,-15